insert ignore into customers (id, name, email, phone) values (1, 'Steffie Kennealy', 'skennealy0@wired.com', null);
insert ignore into customers (id, name, email, phone) values (2, 'Deonne Mayhead', 'dmayhead1@joomla.org', '83-506-5825');
insert ignore into customers (id, name, email, phone) values (3, 'Yvon Daout', 'ydaout2@loc.gov', '83-137-0045');
insert ignore into customers (id, name, email, phone) values (4, 'Cristiano Ribchester', 'cribchester3@ox.ac.uk', '40-994-6481');
insert ignore into customers (id, name, email, phone) values (5, 'Josephina Julien', 'jjulien4@spiegel.de', '06-482-0719');
insert ignore into customers (id, name, email, phone) values (6, 'Cara Clarabut', 'cclarabut5@hexun.com', '56-751-3397');
insert ignore into customers (id, name, email, phone) values (7, 'Elianore Ferronel', 'eferronel6@gmpg.org', null);
insert ignore into customers (id, name, email, phone) values (8, 'Jill Mountford', 'jmountford7@google.com.br', '85-694-6005');
insert ignore into customers (id, name, email, phone) values (9, 'Reena Gres', 'rgres8@themeforest.net', null);
insert ignore into customers (id, name, email, phone) values (10, 'Lewes Coll', 'lcoll9@etsy.com', null);
insert ignore into customers (id, name, email, phone) values (11, 'Barnaby MacKeeg', 'bmackeega@gravatar.com', '43-310-4392');
insert ignore into customers (id, name, email, phone) values (12, 'Evangelia Kaine', 'ekaineb@vinaora.com', '47-484-3519');
insert ignore into customers (id, name, email, phone) values (13, 'Sybilla Gorling', 'sgorlingc@sakura.ne.jp', '92-423-8901');
insert ignore into customers (id, name, email, phone) values (14, 'Rasia Whittaker', 'rwhittakerd@cbsnews.com', null);
insert ignore into customers (id, name, email, phone) values (15, 'Pancho Crippin', 'pcrippine@nba.com', null);
insert ignore into customers (id, name, email, phone) values (16, 'Nari Bubbear', 'nbubbearf@yellowpages.com', '48-511-3891');
insert ignore into customers (id, name, email, phone) values (17, 'Heindrick Stockley', 'hstockleyg@liveinternet.ru', '01-492-9745');
insert ignore into customers (id, name, email, phone) values (18, 'Bennie Lansdowne', 'blansdowneh@opensource.org', '57-499-4962');
insert ignore into customers (id, name, email, phone) values (19, 'Suzette Tezure', 'stezurei@unblog.fr', '52-073-3185');
insert ignore into customers (id, name, email, phone) values (20, 'Berget Stokes', 'bstokesj@tmall.com', '96-513-2425');
insert ignore into customers (id, name, email, phone) values (21, 'Afton Mabone', 'amabonek@springer.com', '10-718-4210');
insert ignore into customers (id, name, email, phone) values (22, 'Farris Hicklingbottom', 'fhicklingbottoml@berkeley.edu', null);
insert ignore into customers (id, name, email, phone) values (23, 'Kanya Oret', 'koretm@usa.gov', '09-984-3547');
insert ignore into customers (id, name, email, phone) values (24, 'Jilly Capner', 'jcapnern@tmall.com', '59-544-9540');
insert ignore into customers (id, name, email, phone) values (25, 'Hettie Clee', 'hcleeo@nhs.uk', '94-552-8788');
insert ignore into customers (id, name, email, phone) values (26, 'Patton Cratchley', 'pcratchleyp@home.pl', '87-010-0099');
insert ignore into customers (id, name, email, phone) values (27, 'Jerrie Dugmore', 'jdugmoreq@usatoday.com', '53-129-1881');
insert ignore into customers (id, name, email, phone) values (28, 'Duke Hebblewhite', 'dhebblewhiter@samsung.com', '32-411-8124');
insert ignore into customers (id, name, email, phone) values (29, 'Dan Phillp', 'dphillps@yahoo.com', '71-892-7221');
insert ignore into customers (id, name, email, phone) values (30, 'Lilllie Pasmore', 'lpasmoret@ifeng.com', '18-990-5338');
insert ignore into customers (id, name, email, phone) values (31, 'Yoshiko McKeating', 'ymckeatingu@who.int', null);
insert ignore into customers (id, name, email, phone) values (32, 'Leonelle Chiechio', 'lchiechiov@163.com', '31-245-0254');
insert ignore into customers (id, name, email, phone) values (33, 'Dulce Gotthard', 'dgotthardw@bloglovin.com', '18-551-6047');
insert ignore into customers (id, name, email, phone) values (34, 'Ardisj Lendrem', 'alendremx@sina.com.cn', '21-588-7029');
insert ignore into customers (id, name, email, phone) values (35, 'Barton Di Francecshi', 'bdiy@wordpress.com', '56-970-7421');
insert ignore into customers (id, name, email, phone) values (36, 'Alden Janeway', 'ajanewayz@acquirethisname.com', '30-990-7555');
insert ignore into customers (id, name, email, phone) values (37, 'Margaretha Goublier', 'mgoublier10@stumbleupon.com', '42-925-7818');
insert ignore into customers (id, name, email, phone) values (38, 'Veronika Edwinson', 'vedwinson11@irs.gov', null);
insert ignore into customers (id, name, email, phone) values (39, 'Tan McWhorter', 'tmcwhorter12@wsj.com', '52-035-3298');
insert ignore into customers (id, name, email, phone) values (40, 'Jeno Zarfai', 'jzarfai13@php.net', '95-221-5590');
insert ignore into customers (id, name, email, phone) values (41, 'Mathe Skirven', 'mskirven14@ycombinator.com', null);
insert ignore into customers (id, name, email, phone) values (42, 'Noby Creech', 'ncreech15@trellian.com', '67-273-6881');
insert ignore into customers (id, name, email, phone) values (43, 'Mei Gipps', 'mgipps16@4shared.com', '97-578-2016');
insert ignore into customers (id, name, email, phone) values (44, 'Mort O''Coskerry', 'mocoskerry17@chronoengine.com', '28-626-2915');
insert ignore into customers (id, name, email, phone) values (45, 'Shanna Elmore', 'selmore18@woothemes.com', null);
insert ignore into customers (id, name, email, phone) values (46, 'Eleen Plumtree', 'eplumtree19@mtv.com', '96-057-6923');
insert ignore into customers (id, name, email, phone) values (47, 'Melodie Langabeer', 'mlangabeer1a@squidoo.com', '97-076-2473');
insert ignore into customers (id, name, email, phone) values (48, 'Pip Brislan', 'pbrislan1b@spiegel.de', null);
insert ignore into customers (id, name, email, phone) values (49, 'Jennie Walton', 'jwalton1c@forbes.com', '57-788-5341');
insert ignore into customers (id, name, email, phone) values (50, 'Kirby Shackleford', 'kshackleford1d@github.io', '55-682-0479');
insert ignore into customers (id, name, email, phone) values (51, 'Layton Northcote', 'lnorthcote1e@vk.com', '59-778-0964');
insert ignore into customers (id, name, email, phone) values (52, 'Astrix Culver', 'aculver1f@umich.edu', '55-123-9234');
insert ignore into customers (id, name, email, phone) values (53, 'Rutledge Upex', 'rupex1g@samsung.com', null);
insert ignore into customers (id, name, email, phone) values (54, 'Aldric Gerraty', 'agerraty1h@ning.com', null);
insert ignore into customers (id, name, email, phone) values (55, 'Mignonne Iacovozzo', 'miacovozzo1i@noaa.gov', '71-228-4238');
insert ignore into customers (id, name, email, phone) values (56, 'Bari Cayzer', 'bcayzer1j@edublogs.org', '33-104-5122');
insert ignore into customers (id, name, email, phone) values (57, 'Alexina Szepe', 'aszepe1k@phoca.cz', null);
insert ignore into customers (id, name, email, phone) values (58, 'Delia Hagard', 'dhagard1l@fda.gov', null);
insert ignore into customers (id, name, email, phone) values (59, 'Patti Chessun', 'pchessun1m@shinystat.com', '67-847-2260');
insert ignore into customers (id, name, email, phone) values (60, 'Kerrie Melrose', 'kmelrose1n@paypal.com', null);
insert ignore into customers (id, name, email, phone) values (61, 'Anetta Wackett', 'awackett1o@pinterest.com', null);
insert ignore into customers (id, name, email, phone) values (62, 'Ethel Byrd', 'ebyrd1p@earthlink.net', null);
insert ignore into customers (id, name, email, phone) values (63, 'Ardeen Trundler', 'atrundler1q@msu.edu', '80-236-4237');
insert ignore into customers (id, name, email, phone) values (64, 'Rod Whoston', 'rwhoston1r@springer.com', '99-731-2282');
insert ignore into customers (id, name, email, phone) values (65, 'Waverly Cisco', 'wcisco1s@ebay.co.uk', null);
insert ignore into customers (id, name, email, phone) values (66, 'Marilee Sexstone', 'msexstone1t@rediff.com', null);
insert ignore into customers (id, name, email, phone) values (67, 'Brodie Bladder', 'bbladder1u@columbia.edu', null);
insert ignore into customers (id, name, email, phone) values (68, 'Dion Gercke', 'dgercke1v@bbb.org', '66-951-0947');
insert ignore into customers (id, name, email, phone) values (69, 'Lemmy Spencley', 'lspencley1w@amazonaws.com', '39-787-1210');
insert ignore into customers (id, name, email, phone) values (70, 'Imogen Olerenshaw', 'iolerenshaw1x@cnn.com', null);
insert ignore into customers (id, name, email, phone) values (71, 'Tommy Stimpson', 'tstimpson1y@addthis.com', null);
insert ignore into customers (id, name, email, phone) values (72, 'Robina Hassall', 'rhassall1z@mail.ru', '22-253-5636');
insert ignore into customers (id, name, email, phone) values (73, 'Bastien Schrader', 'bschrader20@weather.com', null);
insert ignore into customers (id, name, email, phone) values (74, 'Tine Stollenbeck', 'tstollenbeck21@goodreads.com', '01-974-5397');
insert ignore into customers (id, name, email, phone) values (75, 'Weider Briscam', 'wbriscam22@artisteer.com', null);
insert ignore into customers (id, name, email, phone) values (76, 'Shep Jorck', 'sjorck23@google.nl', null);
insert ignore into customers (id, name, email, phone) values (77, 'Brantley Easeman', 'beaseman24@aol.com', '56-647-9984');
insert ignore into customers (id, name, email, phone) values (78, 'Kaye Snasdell', 'ksnasdell25@amazon.com', '51-787-4380');
insert ignore into customers (id, name, email, phone) values (79, 'Jameson Godin', 'jgodin26@hatena.ne.jp', '43-650-3730');
insert ignore into customers (id, name, email, phone) values (80, 'Weider Faiers', 'wfaiers27@zimbio.com', null);
insert ignore into customers (id, name, email, phone) values (81, 'Broderick Shurmore', 'bshurmore28@uol.com.br', '08-737-6179');
insert ignore into customers (id, name, email, phone) values (82, 'Dallon Lambole', 'dlambole29@vistaprint.com', '83-406-2701');
insert ignore into customers (id, name, email, phone) values (83, 'Sterne McGurn', 'smcgurn2a@cisco.com', null);
insert ignore into customers (id, name, email, phone) values (84, 'Ermentrude Dikes', 'edikes2b@scribd.com', null);
insert ignore into customers (id, name, email, phone) values (85, 'Spencer Tuffs', 'stuffs2c@wiley.com', null);
insert ignore into customers (id, name, email, phone) values (86, 'Marlie Henriet', 'mhenriet2d@dmoz.org', null);
insert ignore into customers (id, name, email, phone) values (87, 'Axe Laker', 'alaker2e@biglobe.ne.jp', '39-541-0921');
insert ignore into customers (id, name, email, phone) values (88, 'Rozina Rushbury', 'rrushbury2f@salon.com', null);
insert ignore into customers (id, name, email, phone) values (89, 'Barrie Ketteman', 'bketteman2g@google.pl', null);
insert ignore into customers (id, name, email, phone) values (90, 'Smith Dobbs', 'sdobbs2h@t.co', '28-019-6494');
insert ignore into customers (id, name, email, phone) values (91, 'Marty Dober', 'mdober2i@squidoo.com', '40-467-8064');
insert ignore into customers (id, name, email, phone) values (92, 'Gail Chyuerton', 'gchyuerton2j@flavors.me', '20-303-6815');
insert ignore into customers (id, name, email, phone) values (93, 'Daryn MacCoveney', 'dmaccoveney2k@harvard.edu', '90-858-5134');
insert ignore into customers (id, name, email, phone) values (94, 'Delainey Syer', 'dsyer2l@ovh.net', null);
insert ignore into customers (id, name, email, phone) values (95, 'Tito Luckwell', 'tluckwell2m@cocolog-nifty.com', '80-953-9297');
insert ignore into customers (id, name, email, phone) values (96, 'Aurelie Gonthard', 'agonthard2n@google.com', null);
insert ignore into customers (id, name, email, phone) values (97, 'Sim Thibodeaux', 'sthibodeaux2o@yahoo.co.jp', '28-945-3093');
insert ignore into customers (id, name, email, phone) values (98, 'Evita Thomason', 'ethomason2p@gov.uk', null);
insert ignore into customers (id, name, email, phone) values (99, 'Fanny Kiendl', 'fkiendl2q@cocolog-nifty.com', null);
insert ignore into customers (id, name, email, phone) values (100, 'Hollyanne Fochs', 'hfochs2r@wunderground.com', null);
insert ignore into customers (id, name, email, phone) values (101, 'Melvyn Luckey', 'mluckey2s@php.net', null);
insert ignore into customers (id, name, email, phone) values (102, 'Denys Coleiro', 'dcoleiro2t@dot.gov', null);
insert ignore into customers (id, name, email, phone) values (103, 'Lev Proudlock', 'lproudlock2u@abc.net.au', null);
insert ignore into customers (id, name, email, phone) values (104, 'Dniren Bednall', 'dbednall2v@mlb.com', null);
insert ignore into customers (id, name, email, phone) values (105, 'Jule Scalera', 'jscalera2w@scribd.com', null);
insert ignore into customers (id, name, email, phone) values (106, 'Spike Marton', 'smarton2x@addthis.com', '77-458-5042');
insert ignore into customers (id, name, email, phone) values (107, 'Kerrin Cramp', 'kcramp2y@timesonline.co.uk', '27-540-5337');
insert ignore into customers (id, name, email, phone) values (108, 'Fionna Kinnen', 'fkinnen2z@pinterest.com', null);
insert ignore into customers (id, name, email, phone) values (109, 'Rici Ferruzzi', 'rferruzzi30@intel.com', '23-637-5610');
insert ignore into customers (id, name, email, phone) values (110, 'Roseanne Quiddinton', 'rquiddinton31@archive.org', null);
insert ignore into customers (id, name, email, phone) values (111, 'Kendal Flintoffe', 'kflintoffe32@blinklist.com', null);
insert ignore into customers (id, name, email, phone) values (112, 'Bernetta Caplis', 'bcaplis33@t.co', '39-018-2290');
insert ignore into customers (id, name, email, phone) values (113, 'Egan Deek', 'edeek34@cocolog-nifty.com', '00-192-9876');
insert ignore into customers (id, name, email, phone) values (114, 'Penny Raleston', 'praleston35@cargocollective.com', '72-779-5612');
insert ignore into customers (id, name, email, phone) values (115, 'Camala Ainger', 'cainger36@blinklist.com', '40-539-4042');
insert ignore into customers (id, name, email, phone) values (116, 'Ramsey Sigge', 'rsigge37@shareasale.com', null);
insert ignore into customers (id, name, email, phone) values (117, 'Vivianna Mulqueeny', 'vmulqueeny38@home.pl', null);
insert ignore into customers (id, name, email, phone) values (118, 'Sissie O''Hear', 'sohear39@360.cn', '61-873-9952');
insert ignore into customers (id, name, email, phone) values (119, 'Hilde Spellacy', 'hspellacy3a@feedburner.com', '52-136-0601');
insert ignore into customers (id, name, email, phone) values (120, 'Lana Caveney', 'lcaveney3b@deliciousdays.com', '25-206-5809');
insert ignore into customers (id, name, email, phone) values (121, 'Loren Petti', 'lpetti3c@g.co', '42-418-4705');
insert ignore into customers (id, name, email, phone) values (122, 'Ingeberg Dadge', 'idadge3d@nih.gov', '09-134-1538');
insert ignore into customers (id, name, email, phone) values (123, 'Christophorus Fownes', 'cfownes3e@msn.com', '45-363-4311');
insert ignore into customers (id, name, email, phone) values (124, 'Shane Poleye', 'spoleye3f@163.com', null);
insert ignore into customers (id, name, email, phone) values (125, 'Deeann Lait', 'dlait3g@yellowbook.com', '34-025-2154');
insert ignore into customers (id, name, email, phone) values (126, 'Aubert Maith', 'amaith3h@census.gov', null);
insert ignore into customers (id, name, email, phone) values (127, 'Molli Miranda', 'mmiranda3i@shop-pro.jp', null);
insert ignore into customers (id, name, email, phone) values (128, 'Katharyn Kilgannon', 'kkilgannon3j@sfgate.com', '73-742-4599');
insert ignore into customers (id, name, email, phone) values (129, 'Renado Roft', 'rroft3k@quantcast.com', null);
insert ignore into customers (id, name, email, phone) values (130, 'Beale Isham', 'bisham3l@surveymonkey.com', '97-539-1866');
insert ignore into customers (id, name, email, phone) values (131, 'Ninon Fontaine', 'nfontaine3m@sina.com.cn', null);
insert ignore into customers (id, name, email, phone) values (132, 'Ansley Kiloh', 'akiloh3n@pcworld.com', '80-269-6640');
insert ignore into customers (id, name, email, phone) values (133, 'Monica Kittoe', 'mkittoe3o@nbcnews.com', '23-065-2028');
insert ignore into customers (id, name, email, phone) values (134, 'Alf Quigg', 'aquigg3p@dell.com', '34-580-5699');
insert ignore into customers (id, name, email, phone) values (135, 'Adda Syms', 'asyms3q@archive.org', null);
insert ignore into customers (id, name, email, phone) values (136, 'Lynett Bullimore', 'lbullimore3r@networkadvertising.org', null);
insert ignore into customers (id, name, email, phone) values (137, 'Karin Owbridge', 'kowbridge3s@amazonaws.com', null);
insert ignore into customers (id, name, email, phone) values (138, 'Terrill Donaghy', 'tdonaghy3t@mac.com', '82-687-1338');
insert ignore into customers (id, name, email, phone) values (139, 'Emilee Bedells', 'ebedells3u@simplemachines.org', null);
insert ignore into customers (id, name, email, phone) values (140, 'Gavan Lindsay', 'glindsay3v@miibeian.gov.cn', '79-203-7462');
insert ignore into customers (id, name, email, phone) values (141, 'Shirl Swafield', 'sswafield3w@gmpg.org', '40-055-0980');
insert ignore into customers (id, name, email, phone) values (142, 'Jenny Stoll', 'jstoll3x@51.la', null);
insert ignore into customers (id, name, email, phone) values (143, 'Babs Clorley', 'bclorley3y@archive.org', '87-496-7876');
insert ignore into customers (id, name, email, phone) values (144, 'Georgia Pere', 'gpere3z@360.cn', '40-902-6510');
insert ignore into customers (id, name, email, phone) values (145, 'Denys Simonou', 'dsimonou40@booking.com', '46-548-5650');
insert ignore into customers (id, name, email, phone) values (146, 'Belicia Lanceley', 'blanceley41@yellowpages.com', '80-591-7418');
insert ignore into customers (id, name, email, phone) values (147, 'Ivan Firmager', 'ifirmager42@un.org', '25-252-2243');
insert ignore into customers (id, name, email, phone) values (148, 'Ashely Baggaley', 'abaggaley43@auda.org.au', null);
insert ignore into customers (id, name, email, phone) values (149, 'Alison Capstaff', 'acapstaff44@dyndns.org', '34-032-4225');
insert ignore into customers (id, name, email, phone) values (150, 'Kyle Harroll', 'kharroll45@home.pl', null);
insert ignore into customers (id, name, email, phone) values (151, 'Jourdain Kleiner', 'jkleiner46@newsvine.com', null);
insert ignore into customers (id, name, email, phone) values (152, 'Jolie Doswell', 'jdoswell47@amazon.co.uk', null);
insert ignore into customers (id, name, email, phone) values (153, 'Wilmer Maudling', 'wmaudling48@scientificamerican.com', '42-416-4035');
insert ignore into customers (id, name, email, phone) values (154, 'Cindy Deal', 'cdeal49@toplist.cz', '52-785-7598');
insert ignore into customers (id, name, email, phone) values (155, 'Willetta Treagus', 'wtreagus4a@toplist.cz', '72-917-5521');
insert ignore into customers (id, name, email, phone) values (156, 'Franz Colles', 'fcolles4b@ucoz.com', null);
insert ignore into customers (id, name, email, phone) values (157, 'Evangelina Siemandl', 'esiemandl4c@ocn.ne.jp', null);
insert ignore into customers (id, name, email, phone) values (158, 'Felizio McConville', 'fmcconville4d@answers.com', null);
insert ignore into customers (id, name, email, phone) values (159, 'Courtenay Prozescky', 'cprozescky4e@squarespace.com', '18-815-8157');
insert ignore into customers (id, name, email, phone) values (160, 'Lorenzo Drewet', 'ldrewet4f@feedburner.com', '64-526-9605');
insert ignore into customers (id, name, email, phone) values (161, 'Cindelyn Francomb', 'cfrancomb4g@amazonaws.com', '24-711-4112');
insert ignore into customers (id, name, email, phone) values (162, 'Kienan Hoffner', 'khoffner4h@cnn.com', null);
insert ignore into customers (id, name, email, phone) values (163, 'Jenna Mougin', 'jmougin4i@gnu.org', null);
insert ignore into customers (id, name, email, phone) values (164, 'Rachelle Briars', 'rbriars4j@usgs.gov', null);
insert ignore into customers (id, name, email, phone) values (165, 'Hayley McMenamin', 'hmcmenamin4k@mediafire.com', '14-046-7576');
insert ignore into customers (id, name, email, phone) values (166, 'Skylar Mulbry', 'smulbry4l@globo.com', '15-543-3611');
insert ignore into customers (id, name, email, phone) values (167, 'Hirsch Coldman', 'hcoldman4m@google.com.br', '11-969-2594');
insert ignore into customers (id, name, email, phone) values (168, 'Lemuel Pennoni', 'lpennoni4n@unicef.org', null);
insert ignore into customers (id, name, email, phone) values (169, 'Charis Kaygill', 'ckaygill4o@is.gd', '43-318-0746');
insert ignore into customers (id, name, email, phone) values (170, 'Adolpho Haggerston', 'ahaggerston4p@mail.ru', '24-229-3358');
insert ignore into customers (id, name, email, phone) values (171, 'Darb Orteaux', 'dorteaux4q@reverbnation.com', null);
insert ignore into customers (id, name, email, phone) values (172, 'Nona Wreakes', 'nwreakes4r@fda.gov', '74-726-5903');
insert ignore into customers (id, name, email, phone) values (173, 'Birgit Kiendl', 'bkiendl4s@biblegateway.com', null);
insert ignore into customers (id, name, email, phone) values (174, 'Korry Quirke', 'kquirke4t@walmart.com', '74-053-4756');
insert ignore into customers (id, name, email, phone) values (175, 'Phineas Amorine', 'pamorine4u@shutterfly.com', '52-473-6014');
insert ignore into customers (id, name, email, phone) values (176, 'Ronny Oswell', 'roswell4v@nytimes.com', null);
insert ignore into customers (id, name, email, phone) values (177, 'Letizia Causley', 'lcausley4w@economist.com', '62-925-8639');
insert ignore into customers (id, name, email, phone) values (178, 'Brook Torra', 'btorra4x@histats.com', null);
insert ignore into customers (id, name, email, phone) values (179, 'Cedric Lindblom', 'clindblom4y@icio.us', '74-295-5541');
insert ignore into customers (id, name, email, phone) values (180, 'Belva Isaacs', 'bisaacs4z@pagesperso-orange.fr', '92-558-0929');
insert ignore into customers (id, name, email, phone) values (181, 'Joli Gamett', 'jgamett50@economist.com', '76-164-4224');
insert ignore into customers (id, name, email, phone) values (182, 'Rusty Shade', 'rshade51@alibaba.com', '71-169-9162');
insert ignore into customers (id, name, email, phone) values (183, 'Trent Skellion', 'tskellion52@symantec.com', '21-605-5332');
insert ignore into customers (id, name, email, phone) values (184, 'Rockey Gonnet', 'rgonnet53@wikipedia.org', '91-848-2090');
insert ignore into customers (id, name, email, phone) values (185, 'Sibyl Ackers', 'sackers54@answers.com', null);
insert ignore into customers (id, name, email, phone) values (186, 'Kacy Aulds', 'kaulds55@economist.com', null);
insert ignore into customers (id, name, email, phone) values (187, 'Rockey Billsberry', 'rbillsberry56@state.tx.us', '11-062-7815');
insert ignore into customers (id, name, email, phone) values (188, 'Kariotta Houldcroft', 'khouldcroft57@gov.uk', null);
insert ignore into customers (id, name, email, phone) values (189, 'Tobye Drew-Clifton', 'tdrewclifton58@wordpress.com', '17-587-9751');
insert ignore into customers (id, name, email, phone) values (190, 'Alis Franken', 'afranken59@unesco.org', '59-891-4595');
insert ignore into customers (id, name, email, phone) values (191, 'Salomon Yeats', 'syeats5a@upenn.edu', '34-711-1220');
insert ignore into customers (id, name, email, phone) values (192, 'Nicolas Tummasutti', 'ntummasutti5b@scribd.com', null);
insert ignore into customers (id, name, email, phone) values (193, 'Patrizio Emmer', 'pemmer5c@europa.eu', null);
insert ignore into customers (id, name, email, phone) values (194, 'Blane Van den Broek', 'bvan5d@about.com', '59-859-3611');
insert ignore into customers (id, name, email, phone) values (195, 'Sharai Milson', 'smilson5e@paypal.com', null);
insert ignore into customers (id, name, email, phone) values (196, 'Germain Flewan', 'gflewan5f@drupal.org', '80-170-9380');
insert ignore into customers (id, name, email, phone) values (197, 'Brandais Grevel', 'bgrevel5g@purevolume.com', '57-859-0770');
insert ignore into customers (id, name, email, phone) values (198, 'Guthrey Gainfort', 'ggainfort5h@php.net', '35-424-5118');
insert ignore into customers (id, name, email, phone) values (199, 'Dode Malthus', 'dmalthus5i@phoca.cz', '01-979-1324');
insert ignore into customers (id, name, email, phone) values (200, 'Maurice Gadney', 'mgadney5j@ted.com', null);
insert ignore into customers (id, name, email, phone) values (201, 'Gardener Rudyard', 'grudyard5k@angelfire.com', '18-494-7157');
insert ignore into customers (id, name, email, phone) values (202, 'Olva Loughran', 'oloughran5l@arstechnica.com', null);
insert ignore into customers (id, name, email, phone) values (203, 'Madel MacGuffog', 'mmacguffog5m@jalbum.net', '09-854-4824');
insert ignore into customers (id, name, email, phone) values (204, 'Mikaela Heddon', 'mheddon5n@jimdo.com', null);
insert ignore into customers (id, name, email, phone) values (205, 'Evonne Wraith', 'ewraith5o@live.com', null);
insert ignore into customers (id, name, email, phone) values (206, 'Shaina Pile', 'spile5p@xrea.com', '15-139-6239');
insert ignore into customers (id, name, email, phone) values (207, 'Dew Emilien', 'demilien5q@dell.com', '71-626-6461');
insert ignore into customers (id, name, email, phone) values (208, 'Jerrie Derl', 'jderl5r@google.ru', '24-614-4178');
insert ignore into customers (id, name, email, phone) values (209, 'Cozmo Edmunds', 'cedmunds5s@state.gov', '91-889-7397');
insert ignore into customers (id, name, email, phone) values (210, 'Brina Lafay', 'blafay5t@webnode.com', null);
insert ignore into customers (id, name, email, phone) values (211, 'Theodora Choppen', 'tchoppen5u@yahoo.com', null);
insert ignore into customers (id, name, email, phone) values (212, 'Murial Mooney', 'mmooney5v@ca.gov', '60-473-5625');
insert ignore into customers (id, name, email, phone) values (213, 'Maddalena Wiszniewski', 'mwiszniewski5w@amazon.co.jp', '16-508-0743');
insert ignore into customers (id, name, email, phone) values (214, 'Dunstan Andryszczak', 'dandryszczak5x@blogspot.com', null);
insert ignore into customers (id, name, email, phone) values (215, 'Marleen Trewhela', 'mtrewhela5y@tmall.com', null);
insert ignore into customers (id, name, email, phone) values (216, 'Theadora Petigrew', 'tpetigrew5z@msn.com', null);
insert ignore into customers (id, name, email, phone) values (217, 'Stern Worner', 'sworner60@ebay.co.uk', null);
insert ignore into customers (id, name, email, phone) values (218, 'Les Gartrell', 'lgartrell61@ibm.com', null);
insert ignore into customers (id, name, email, phone) values (219, 'Simone Chatters', 'schatters62@theglobeandmail.com', null);
insert ignore into customers (id, name, email, phone) values (220, 'Yank Hubane', 'yhubane63@apache.org', null);
insert ignore into customers (id, name, email, phone) values (221, 'Benjamin Forryan', 'bforryan64@drupal.org', null);
insert ignore into customers (id, name, email, phone) values (222, 'Udell Barefoot', 'ubarefoot65@buzzfeed.com', null);
insert ignore into customers (id, name, email, phone) values (223, 'Ogden Pickering', 'opickering66@google.cn', '32-900-7849');
insert ignore into customers (id, name, email, phone) values (224, 'Ulberto Bunning', 'ubunning67@adobe.com', '05-511-7644');
insert ignore into customers (id, name, email, phone) values (225, 'Nicki Sherborne', 'nsherborne68@goo.ne.jp', '88-293-8809');
insert ignore into customers (id, name, email, phone) values (226, 'Cammi Ruger', 'cruger69@latimes.com', '75-849-9745');
insert ignore into customers (id, name, email, phone) values (227, 'Nate Mityakov', 'nmityakov6a@google.com', '38-064-9093');
insert ignore into customers (id, name, email, phone) values (228, 'Cash Hemphrey', 'chemphrey6b@webnode.com', null);
insert ignore into customers (id, name, email, phone) values (229, 'Atalanta Bezzant', 'abezzant6c@cdbaby.com', '83-297-0625');
insert ignore into customers (id, name, email, phone) values (230, 'Clement Sweynson', 'csweynson6d@newsvine.com', '24-961-3518');
insert ignore into customers (id, name, email, phone) values (231, 'Melva Shelton', 'mshelton6e@businesswire.com', '01-769-7476');
insert ignore into customers (id, name, email, phone) values (232, 'Lorena Briggs', 'lbriggs6f@weather.com', '05-633-3263');
insert ignore into customers (id, name, email, phone) values (233, 'Biddy Dudliston', 'bdudliston6g@diigo.com', '26-822-2740');
insert ignore into customers (id, name, email, phone) values (234, 'Diane-marie D''Costa', 'ddcosta6h@utexas.edu', '64-759-4778');
insert ignore into customers (id, name, email, phone) values (235, 'Kassi Matthewman', 'kmatthewman6i@ed.gov', '17-629-8947');
insert ignore into customers (id, name, email, phone) values (236, 'Christie Graveston', 'cgraveston6j@wikipedia.org', '68-333-9387');
insert ignore into customers (id, name, email, phone) values (237, 'Shalne Benam', 'sbenam6k@photobucket.com', '04-986-4191');
insert ignore into customers (id, name, email, phone) values (238, 'Krissie Worsley', 'kworsley6l@bloglovin.com', '71-303-4020');
insert ignore into customers (id, name, email, phone) values (239, 'Nikolaus Gannan', 'ngannan6m@mapy.cz', null);
insert ignore into customers (id, name, email, phone) values (240, 'Bartlett Capes', 'bcapes6n@exblog.jp', '80-040-7323');
insert ignore into customers (id, name, email, phone) values (241, 'Natalee Dowden', 'ndowden6o@geocities.jp', '32-849-4928');
insert ignore into customers (id, name, email, phone) values (242, 'Thalia Vaudre', 'tvaudre6p@statcounter.com', '27-589-1172');
insert ignore into customers (id, name, email, phone) values (243, 'Fernando Seymark', 'fseymark6q@studiopress.com', null);
insert ignore into customers (id, name, email, phone) values (244, 'Beale Augustus', 'baugustus6r@vistaprint.com', null);
insert ignore into customers (id, name, email, phone) values (245, 'Olympe Johns', 'ojohns6s@squarespace.com', '13-496-3764');
insert ignore into customers (id, name, email, phone) values (246, 'Loy Oakenford', 'loakenford6t@wiley.com', null);
insert ignore into customers (id, name, email, phone) values (247, 'Luise Mankor', 'lmankor6u@slideshare.net', null);
insert ignore into customers (id, name, email, phone) values (248, 'Solly Quartley', 'squartley6v@buzzfeed.com', null);
insert ignore into customers (id, name, email, phone) values (249, 'Ingram Ruffey', 'iruffey6w@mashable.com', '99-909-3730');
insert ignore into customers (id, name, email, phone) values (250, 'Linnell Tolotti', 'ltolotti6x@blogspot.com', '44-751-5632');
insert ignore into customers (id, name, email, phone) values (251, 'Gibb Stockney', 'gstockney6y@newsvine.com', '07-903-0901');
insert ignore into customers (id, name, email, phone) values (252, 'Paten Monni', 'pmonni6z@businessinsider.com', '26-591-4336');
insert ignore into customers (id, name, email, phone) values (253, 'Danette Batrim', 'dbatrim70@patch.com', '37-397-2145');
insert ignore into customers (id, name, email, phone) values (254, 'Aube Huster', 'ahuster71@accuweather.com', '27-813-2029');
insert ignore into customers (id, name, email, phone) values (255, 'Binny Dunbobbin', 'bdunbobbin72@cocolog-nifty.com', '74-823-4178');
insert ignore into customers (id, name, email, phone) values (256, 'Selena Couvert', 'scouvert73@booking.com', '36-325-2526');
insert ignore into customers (id, name, email, phone) values (257, 'Freemon Mullany', 'fmullany74@t.co', null);
insert ignore into customers (id, name, email, phone) values (258, 'Adrian Ondrusek', 'aondrusek75@unesco.org', '20-360-7620');
insert ignore into customers (id, name, email, phone) values (259, 'Emelia Haycraft', 'ehaycraft76@bigcartel.com', null);
insert ignore into customers (id, name, email, phone) values (260, 'Julie Chmarny', 'jchmarny77@flavors.me', '08-425-0282');
insert ignore into customers (id, name, email, phone) values (261, 'Mallory Gerrard', 'mgerrard78@psu.edu', null);
insert ignore into customers (id, name, email, phone) values (262, 'Portia Vice', 'pvice79@taobao.com', null);
insert ignore into customers (id, name, email, phone) values (263, 'Mickey Kilkenny', 'mkilkenny7a@liveinternet.ru', '47-717-5931');
insert ignore into customers (id, name, email, phone) values (264, 'Jessica Dmitrichenko', 'jdmitrichenko7b@digg.com', '06-886-2240');
insert ignore into customers (id, name, email, phone) values (265, 'Aloin Louche', 'alouche7c@yahoo.co.jp', '11-450-5769');
insert ignore into customers (id, name, email, phone) values (266, 'Gill Blodg', 'gblodg7d@apache.org', '16-676-3558');
insert ignore into customers (id, name, email, phone) values (267, 'Nollie Cairns', 'ncairns7e@noaa.gov', '38-733-6248');
insert ignore into customers (id, name, email, phone) values (268, 'Basilio Keeton', 'bkeeton7f@wix.com', '04-603-8848');
insert ignore into customers (id, name, email, phone) values (269, 'Bertine Hollyar', 'bhollyar7g@sogou.com', null);
insert ignore into customers (id, name, email, phone) values (270, 'Ricki Applebee', 'rapplebee7h@smh.com.au', '76-640-7262');
insert ignore into customers (id, name, email, phone) values (271, 'Leigh Hamp', 'lhamp7i@bravesites.com', '69-025-9438');
insert ignore into customers (id, name, email, phone) values (272, 'David Suttill', 'dsuttill7j@sohu.com', null);
insert ignore into customers (id, name, email, phone) values (273, 'Humfrey Knocker', 'hknocker7k@timesonline.co.uk', '78-846-3352');
insert ignore into customers (id, name, email, phone) values (274, 'Thom Deuss', 'tdeuss7l@gizmodo.com', null);
insert ignore into customers (id, name, email, phone) values (275, 'Raffaello Gallaway', 'rgallaway7m@ovh.net', null);
insert ignore into customers (id, name, email, phone) values (276, 'Simeon Pobjoy', 'spobjoy7n@state.tx.us', '49-087-6608');
insert ignore into customers (id, name, email, phone) values (277, 'Harry Wheldon', 'hwheldon7o@barnesandnoble.com', '90-187-3542');
insert ignore into customers (id, name, email, phone) values (278, 'Bord Thurbon', 'bthurbon7p@shutterfly.com', '37-525-1200');
insert ignore into customers (id, name, email, phone) values (279, 'Brendan Millery', 'bmillery7q@indiatimes.com', '88-849-9416');
insert ignore into customers (id, name, email, phone) values (280, 'Vanya Shearn', 'vshearn7r@smugmug.com', '67-394-4732');
insert ignore into customers (id, name, email, phone) values (281, 'Marcille Valentine', 'mvalentine7s@indiegogo.com', null);
insert ignore into customers (id, name, email, phone) values (282, 'Valentin Carde', 'vcarde7t@scribd.com', '34-348-1950');
insert ignore into customers (id, name, email, phone) values (283, 'Ettore Soda', 'esoda7u@facebook.com', '50-617-2834');
insert ignore into customers (id, name, email, phone) values (284, 'Katy Macallam', 'kmacallam7v@addthis.com', null);
insert ignore into customers (id, name, email, phone) values (285, 'Giselle Haensel', 'ghaensel7w@scribd.com', '49-860-9348');
insert ignore into customers (id, name, email, phone) values (286, 'Tessi Ceschi', 'tceschi7x@e-recht24.de', '09-172-0327');
insert ignore into customers (id, name, email, phone) values (287, 'Charlena Tulk', 'ctulk7y@umn.edu', null);
insert ignore into customers (id, name, email, phone) values (288, 'Suzanne Carlan', 'scarlan7z@simplemachines.org', '42-057-1311');
insert ignore into customers (id, name, email, phone) values (289, 'Alexia Massow', 'amassow80@unicef.org', '53-843-9806');
insert ignore into customers (id, name, email, phone) values (290, 'Leone Benger', 'lbenger81@wiley.com', '26-995-5521');
insert ignore into customers (id, name, email, phone) values (291, 'Mavra Schmidt', 'mschmidt82@weather.com', '52-207-9552');
insert ignore into customers (id, name, email, phone) values (292, 'Trudy Grogan', 'tgrogan83@howstuffworks.com', '08-721-4653');
insert ignore into customers (id, name, email, phone) values (293, 'Davina Barkas', 'dbarkas84@tripadvisor.com', '36-990-0631');
insert ignore into customers (id, name, email, phone) values (294, 'Mirabelle Oaten', 'moaten85@histats.com', null);
insert ignore into customers (id, name, email, phone) values (295, 'Ramsay Timny', 'rtimny86@intel.com', null);
insert ignore into customers (id, name, email, phone) values (296, 'Mattheus Darrigoe', 'mdarrigoe87@skype.com', '61-294-1677');
insert ignore into customers (id, name, email, phone) values (297, 'Hermione Blanchet', 'hblanchet88@omniture.com', '68-093-9402');
insert ignore into customers (id, name, email, phone) values (298, 'Harv Dee', 'hdee89@uol.com.br', '90-271-9414');
insert ignore into customers (id, name, email, phone) values (299, 'Ricky Howman', 'rhowman8a@istockphoto.com', null);
insert ignore into customers (id, name, email, phone) values (300, 'Kyla Luard', 'kluard8b@adobe.com', '57-862-1666');
insert ignore into customers (id, name, email, phone) values (301, 'Carla Szymanowski', 'cszymanowski8c@parallels.com', '12-972-8619');
insert ignore into customers (id, name, email, phone) values (302, 'Rudolf Ayliffe', 'rayliffe8d@ifeng.com', null);
insert ignore into customers (id, name, email, phone) values (303, 'Clyde Doran', 'cdoran8e@sciencedaily.com', '82-240-8722');
insert ignore into customers (id, name, email, phone) values (304, 'Helga Beacom', 'hbeacom8f@sciencedaily.com', '85-244-3103');
insert ignore into customers (id, name, email, phone) values (305, 'Tasha Absolom', 'tabsolom8g@dailymotion.com', '26-962-3761');
insert ignore into customers (id, name, email, phone) values (306, 'Sigismond Vigne', 'svigne8h@scientificamerican.com', '00-443-4451');
insert ignore into customers (id, name, email, phone) values (307, 'Ladonna Blodgett', 'lblodgett8i@weather.com', '43-614-8309');
insert ignore into customers (id, name, email, phone) values (308, 'Myron Lewzey', 'mlewzey8j@addthis.com', null);
insert ignore into customers (id, name, email, phone) values (309, 'Xavier Rabbitt', 'xrabbitt8k@qq.com', null);
insert ignore into customers (id, name, email, phone) values (310, 'Joice Phaup', 'jphaup8l@bing.com', null);
insert ignore into customers (id, name, email, phone) values (311, 'Angelina Baldazzi', 'abaldazzi8m@soup.io', null);
insert ignore into customers (id, name, email, phone) values (312, 'Davy Cressey', 'dcressey8n@joomla.org', null);
insert ignore into customers (id, name, email, phone) values (313, 'Drona Billingsley', 'dbillingsley8o@illinois.edu', '57-286-5967');
insert ignore into customers (id, name, email, phone) values (314, 'Adora Hardwin', 'ahardwin8p@freewebs.com', '14-368-9764');
insert ignore into customers (id, name, email, phone) values (315, 'Richmound Limprecht', 'rlimprecht8q@chicagotribune.com', null);
insert ignore into customers (id, name, email, phone) values (316, 'Berkly Matley', 'bmatley8r@howstuffworks.com', null);
insert ignore into customers (id, name, email, phone) values (317, 'Mickey Stolz', 'mstolz8s@wikispaces.com', '10-240-9716');
insert ignore into customers (id, name, email, phone) values (318, 'Si Crumby', 'scrumby8t@cyberchimps.com', '24-508-2720');
insert ignore into customers (id, name, email, phone) values (319, 'Gregg Jewsbury', 'gjewsbury8u@cdc.gov', '70-620-6048');
insert ignore into customers (id, name, email, phone) values (320, 'Haven Kybird', 'hkybird8v@tinyurl.com', '35-532-8027');
insert ignore into customers (id, name, email, phone) values (321, 'Palm Joplin', 'pjoplin8w@vistaprint.com', null);
insert ignore into customers (id, name, email, phone) values (322, 'Hildegarde Drinkel', 'hdrinkel8x@state.gov', '57-307-7564');
insert ignore into customers (id, name, email, phone) values (323, 'Siobhan Winsper', 'swinsper8y@mail.ru', null);
insert ignore into customers (id, name, email, phone) values (324, 'Robby Gillhespy', 'rgillhespy8z@yahoo.com', null);
insert ignore into customers (id, name, email, phone) values (325, 'Claiborn Grimme', 'cgrimme90@omniture.com', '90-465-3311');
insert ignore into customers (id, name, email, phone) values (326, 'Geri Emblow', 'gemblow91@economist.com', '89-085-4906');
insert ignore into customers (id, name, email, phone) values (327, 'Karalee Lodo', 'klodo92@nba.com', null);
insert ignore into customers (id, name, email, phone) values (328, 'Doll Staunton', 'dstaunton93@biglobe.ne.jp', '14-033-9425');
insert ignore into customers (id, name, email, phone) values (329, 'Fin Tumpane', 'ftumpane94@merriam-webster.com', null);
insert ignore into customers (id, name, email, phone) values (330, 'Dimitry Ambrogiotti', 'dambrogiotti95@wikipedia.org', '80-175-9641');
insert ignore into customers (id, name, email, phone) values (331, 'Anjanette Neeve', 'aneeve96@barnesandnoble.com', null);
insert ignore into customers (id, name, email, phone) values (332, 'Audie Slane', 'aslane97@angelfire.com', '07-512-6906');
insert ignore into customers (id, name, email, phone) values (333, 'Viviene Lemerle', 'vlemerle98@uiuc.edu', '17-391-2074');
insert ignore into customers (id, name, email, phone) values (334, 'Constancy Croley', 'ccroley99@last.fm', '75-069-9094');
insert ignore into customers (id, name, email, phone) values (335, 'Jazmin De Maria', 'jde9a@wikipedia.org', '67-831-5128');
insert ignore into customers (id, name, email, phone) values (336, 'Worthy Jerche', 'wjerche9b@nba.com', '13-121-9994');
insert ignore into customers (id, name, email, phone) values (337, 'Guido Alyoshin', 'galyoshin9c@netvibes.com', '57-403-7128');
insert ignore into customers (id, name, email, phone) values (338, 'Melloney Pohlke', 'mpohlke9d@pinterest.com', '65-349-7232');
insert ignore into customers (id, name, email, phone) values (339, 'Loria Kendred', 'lkendred9e@phoca.cz', '22-410-4495');
insert ignore into customers (id, name, email, phone) values (340, 'Briano MacConnal', 'bmacconnal9f@ask.com', '29-502-1192');
insert ignore into customers (id, name, email, phone) values (341, 'Idette Mariel', 'imariel9g@fc2.com', '31-219-5917');
insert ignore into customers (id, name, email, phone) values (342, 'Tiphany Clair', 'tclair9h@phpbb.com', null);
insert ignore into customers (id, name, email, phone) values (343, 'Waylin Hawyes', 'whawyes9i@g.co', '89-820-2936');
insert ignore into customers (id, name, email, phone) values (344, 'Carlene Kilpin', 'ckilpin9j@rambler.ru', '40-973-5527');
insert ignore into customers (id, name, email, phone) values (345, 'Brig Caldwall', 'bcaldwall9k@ehow.com', '59-163-1651');
insert ignore into customers (id, name, email, phone) values (346, 'Egan MacSorley', 'emacsorley9l@desdev.cn', null);
insert ignore into customers (id, name, email, phone) values (347, 'Marcel Penddreth', 'mpenddreth9m@businesswire.com', '27-019-1358');
insert ignore into customers (id, name, email, phone) values (348, 'Darcie Southouse', 'dsouthouse9n@businessweek.com', '82-657-4935');
insert ignore into customers (id, name, email, phone) values (349, 'Ortensia O'' Cuolahan', 'oo9o@ehow.com', '60-379-9128');
insert ignore into customers (id, name, email, phone) values (350, 'Angelo Haney', 'ahaney9p@webmd.com', null);
insert ignore into customers (id, name, email, phone) values (351, 'Freddie Torricella', 'ftorricella9q@oracle.com', null);
insert ignore into customers (id, name, email, phone) values (352, 'Karilynn Garroway', 'kgarroway9r@narod.ru', '75-877-6647');
insert ignore into customers (id, name, email, phone) values (353, 'Christy Kezar', 'ckezar9s@yelp.com', null);
insert ignore into customers (id, name, email, phone) values (354, 'Beck Deares', 'bdeares9t@g.co', '27-729-1867');
insert ignore into customers (id, name, email, phone) values (355, 'Janek Painten', 'jpainten9u@ovh.net', '43-023-2663');
insert ignore into customers (id, name, email, phone) values (356, 'Heriberto Oglevie', 'hoglevie9v@twitpic.com', null);
insert ignore into customers (id, name, email, phone) values (357, 'Willie Arlt', 'warlt9w@ezinearticles.com', '03-499-7061');
insert ignore into customers (id, name, email, phone) values (358, 'Emiline Bichener', 'ebichener9x@wikispaces.com', '37-160-8047');
insert ignore into customers (id, name, email, phone) values (359, 'Karlee Kirwood', 'kkirwood9y@kickstarter.com', '76-107-5935');
insert ignore into customers (id, name, email, phone) values (360, 'Lion Janca', 'ljanca9z@ocn.ne.jp', null);
insert ignore into customers (id, name, email, phone) values (361, 'Clarine Edelheit', 'cedelheita0@blogs.com', null);
insert ignore into customers (id, name, email, phone) values (362, 'Vally Ciobotaro', 'vciobotaroa1@pcworld.com', null);
insert ignore into customers (id, name, email, phone) values (363, 'Tori Madgin', 'tmadgina2@intel.com', null);
insert ignore into customers (id, name, email, phone) values (364, 'Jude Jeacop', 'jjeacopa3@businessweek.com', null);
insert ignore into customers (id, name, email, phone) values (365, 'Bayard Belden', 'bbeldena4@technorati.com', '87-850-3920');
insert ignore into customers (id, name, email, phone) values (366, 'Milly Guidone', 'mguidonea5@merriam-webster.com', '88-627-4956');
insert ignore into customers (id, name, email, phone) values (367, 'Wally Arnal', 'warnala6@cnet.com', '66-143-2834');
insert ignore into customers (id, name, email, phone) values (368, 'Hermy Acres', 'hacresa7@techcrunch.com', null);
insert ignore into customers (id, name, email, phone) values (369, 'Page Ferenczi', 'pferenczia8@amazon.de', '85-885-7954');
insert ignore into customers (id, name, email, phone) values (370, 'Kalinda Frodsam', 'kfrodsama9@indiatimes.com', null);
insert ignore into customers (id, name, email, phone) values (371, 'Pierre Jaqueme', 'pjaquemeaa@typepad.com', '43-518-7530');
insert ignore into customers (id, name, email, phone) values (372, 'Griselda Vaney', 'gvaneyab@mediafire.com', '73-049-6196');
insert ignore into customers (id, name, email, phone) values (373, 'Rozalin Baribal', 'rbaribalac@icio.us', '92-827-6734');
insert ignore into customers (id, name, email, phone) values (374, 'Vite Ivanyushkin', 'vivanyushkinad@multiply.com', '19-020-0048');
insert ignore into customers (id, name, email, phone) values (375, 'Drucy Wallbank', 'dwallbankae@posterous.com', '61-275-6018');
insert ignore into customers (id, name, email, phone) values (376, 'Alyosha Gellert', 'agellertaf@eepurl.com', '97-247-5116');
insert ignore into customers (id, name, email, phone) values (377, 'Hermine Shepton', 'hsheptonag@dailymotion.com', '16-777-7812');
insert ignore into customers (id, name, email, phone) values (378, 'Vassili Van den Velde', 'vvanah@icio.us', '31-902-5084');
insert ignore into customers (id, name, email, phone) values (379, 'William Nesbit', 'wnesbitai@guardian.co.uk', '65-512-9463');
insert ignore into customers (id, name, email, phone) values (380, 'Cassy Maase', 'cmaaseaj@elegantthemes.com', '14-062-9845');
insert ignore into customers (id, name, email, phone) values (381, 'Henrietta Bernlin', 'hbernlinak@mayoclinic.com', null);
insert ignore into customers (id, name, email, phone) values (382, 'Candida Elles', 'cellesal@statcounter.com', '28-022-7762');
insert ignore into customers (id, name, email, phone) values (383, 'Becki Ceresa', 'bceresaam@joomla.org', null);
insert ignore into customers (id, name, email, phone) values (384, 'Flynn Maypole', 'fmaypolean@google.it', null);
insert ignore into customers (id, name, email, phone) values (385, 'Kanya Leachman', 'kleachmanao@examiner.com', '46-456-7519');
insert ignore into customers (id, name, email, phone) values (386, 'Ahmed Jozaitis', 'ajozaitisap@accuweather.com', '81-588-7160');
insert ignore into customers (id, name, email, phone) values (387, 'Wenona Fawcus', 'wfawcusaq@vkontakte.ru', '82-276-8357');
insert ignore into customers (id, name, email, phone) values (388, 'Kathrine Fortin', 'kfortinar@time.com', '27-964-5012');
insert ignore into customers (id, name, email, phone) values (389, 'Diane-marie Loxton', 'dloxtonas@w3.org', '65-699-0392');
insert ignore into customers (id, name, email, phone) values (390, 'Lynnette Armsden', 'larmsdenat@ifeng.com', null);
insert ignore into customers (id, name, email, phone) values (391, 'Chloette Lovejoy', 'clovejoyau@blogs.com', '49-203-6138');
insert ignore into customers (id, name, email, phone) values (392, 'Thomasina Gisburn', 'tgisburnav@gnu.org', null);
insert ignore into customers (id, name, email, phone) values (393, 'Brietta Daniels', 'bdanielsaw@wikimedia.org', null);
insert ignore into customers (id, name, email, phone) values (394, 'Mary Frenzel;', 'mfrenzelax@xrea.com', '76-401-3469');
insert ignore into customers (id, name, email, phone) values (395, 'Idelle Lovemore', 'ilovemoreay@github.com', '46-975-5411');
insert ignore into customers (id, name, email, phone) values (396, 'Berky Speck', 'bspeckaz@youtu.be', '25-818-3741');
insert ignore into customers (id, name, email, phone) values (397, 'Abbie Axtonne', 'aaxtonneb0@nytimes.com', null);
insert ignore into customers (id, name, email, phone) values (398, 'Rhys Dancer', 'rdancerb1@patch.com', '02-790-4790');
insert ignore into customers (id, name, email, phone) values (399, 'Wendye Savaage', 'wsavaageb2@rediff.com', null);
insert ignore into customers (id, name, email, phone) values (400, 'Jayme Spawton', 'jspawtonb3@apple.com', null);
insert ignore into customers (id, name, email, phone) values (401, 'Mindy Vannoni', 'mvannonib4@cornell.edu', '40-810-5124');
insert ignore into customers (id, name, email, phone) values (402, 'Caren Margrem', 'cmargremb5@craigslist.org', null);
insert ignore into customers (id, name, email, phone) values (403, 'Blakeley Breawood', 'bbreawoodb6@state.tx.us', '19-572-1645');
insert ignore into customers (id, name, email, phone) values (404, 'Bill Lukasen', 'blukasenb7@columbia.edu', '51-599-3551');
insert ignore into customers (id, name, email, phone) values (405, 'Tull Caulder', 'tcaulderb8@rakuten.co.jp', '21-895-5070');
insert ignore into customers (id, name, email, phone) values (406, 'Lotti McKmurrie', 'lmckmurrieb9@lulu.com', null);
insert ignore into customers (id, name, email, phone) values (407, 'Ilyse Sandison', 'isandisonba@google.co.jp', '72-061-5497');
insert ignore into customers (id, name, email, phone) values (408, 'Mamie Rosenbarg', 'mrosenbargbb@smugmug.com', '92-774-8296');
insert ignore into customers (id, name, email, phone) values (409, 'Lincoln Stealy', 'lstealybc@msu.edu', '11-637-9899');
insert ignore into customers (id, name, email, phone) values (410, 'Lynde Fassbender', 'lfassbenderbd@goodreads.com', '31-772-4008');
insert ignore into customers (id, name, email, phone) values (411, 'Lovell Varnals', 'lvarnalsbe@shop-pro.jp', null);
insert ignore into customers (id, name, email, phone) values (412, 'Faber Gossan', 'fgossanbf@rediff.com', '14-040-6464');
insert ignore into customers (id, name, email, phone) values (413, 'Felipa Lettuce', 'flettucebg@wp.com', null);
insert ignore into customers (id, name, email, phone) values (414, 'Micky De Rechter', 'mdebh@paginegialle.it', '20-803-0586');
insert ignore into customers (id, name, email, phone) values (415, 'Harald Muehle', 'hmuehlebi@facebook.com', null);
insert ignore into customers (id, name, email, phone) values (416, 'Ethyl Demeter', 'edemeterbj@furl.net', '78-941-5576');
insert ignore into customers (id, name, email, phone) values (417, 'Marcelle Alltimes', 'malltimesbk@reference.com', '03-580-9275');
insert ignore into customers (id, name, email, phone) values (418, 'Halimeda Scading', 'hscadingbl@stumbleupon.com', '16-666-4957');
insert ignore into customers (id, name, email, phone) values (419, 'Clayborne Donizeau', 'cdonizeaubm@ox.ac.uk', null);
insert ignore into customers (id, name, email, phone) values (420, 'Cello Brereton', 'cbreretonbn@instagram.com', '40-097-2057');
insert ignore into customers (id, name, email, phone) values (421, 'Myrlene Macilhench', 'mmacilhenchbo@cnet.com', '24-160-5145');
insert ignore into customers (id, name, email, phone) values (422, 'Ula Crooke', 'ucrookebp@ycombinator.com', null);
insert ignore into customers (id, name, email, phone) values (423, 'Davin Huonic', 'dhuonicbq@jugem.jp', '17-746-7352');
insert ignore into customers (id, name, email, phone) values (424, 'Ax Charke', 'acharkebr@hubpages.com', null);
insert ignore into customers (id, name, email, phone) values (425, 'Creigh Powe', 'cpowebs@sogou.com', '84-992-7753');
insert ignore into customers (id, name, email, phone) values (426, 'Aymer Hinzer', 'ahinzerbt@cornell.edu', '24-505-7832');
insert ignore into customers (id, name, email, phone) values (427, 'Constantine Lawday', 'clawdaybu@nbcnews.com', null);
insert ignore into customers (id, name, email, phone) values (428, 'Carolina Bradnocke', 'cbradnockebv@ask.com', '44-347-5079');
insert ignore into customers (id, name, email, phone) values (429, 'Gris O''Hickey', 'gohickeybw@prlog.org', null);
insert ignore into customers (id, name, email, phone) values (430, 'Alaine Marsden', 'amarsdenbx@about.com', null);
insert ignore into customers (id, name, email, phone) values (431, 'Adolphe Bibey', 'abibeyby@hibu.com', null);
insert ignore into customers (id, name, email, phone) values (432, 'Kermie Kaliszewski', 'kkaliszewskibz@weather.com', null);
insert ignore into customers (id, name, email, phone) values (433, 'Ethelda Ternault', 'eternaultc0@drupal.org', null);
insert ignore into customers (id, name, email, phone) values (434, 'Kahaleel McKague', 'kmckaguec1@goodreads.com', '26-753-9652');
insert ignore into customers (id, name, email, phone) values (435, 'Shellie Kermott', 'skermottc2@sciencedirect.com', '72-540-8331');
insert ignore into customers (id, name, email, phone) values (436, 'Cordi Nolli', 'cnollic3@list-manage.com', '52-597-1755');
insert ignore into customers (id, name, email, phone) values (437, 'Jaquelyn Placido', 'jplacidoc4@miibeian.gov.cn', null);
insert ignore into customers (id, name, email, phone) values (438, 'Norma Patriskson', 'npatrisksonc5@histats.com', '05-583-7052');
insert ignore into customers (id, name, email, phone) values (439, 'Mary Farrer', 'mfarrerc6@washington.edu', '15-188-1934');
insert ignore into customers (id, name, email, phone) values (440, 'Audre Pettett', 'apettettc7@bbb.org', '50-044-5755');
insert ignore into customers (id, name, email, phone) values (441, 'Lamar de Guise', 'ldec8@aol.com', null);
insert ignore into customers (id, name, email, phone) values (442, 'Iona Osichev', 'iosichevc9@weather.com', '73-572-1511');
insert ignore into customers (id, name, email, phone) values (443, 'Ursa Braz', 'ubrazca@comsenz.com', '86-638-9516');
insert ignore into customers (id, name, email, phone) values (444, 'Hubey Torricina', 'htorricinacb@cpanel.net', '87-395-5575');
insert ignore into customers (id, name, email, phone) values (445, 'Reiko Butson', 'rbutsoncc@g.co', null);
insert ignore into customers (id, name, email, phone) values (446, 'Caye Castelow', 'ccastelowcd@pcworld.com', '66-386-8352');
insert ignore into customers (id, name, email, phone) values (447, 'Sonnie Rudkin', 'srudkince@ftc.gov', '19-575-1561');
insert ignore into customers (id, name, email, phone) values (448, 'Kalli Arthy', 'karthycf@prnewswire.com', null);
insert ignore into customers (id, name, email, phone) values (449, 'Alison Masters', 'amasterscg@myspace.com', '59-069-5646');
insert ignore into customers (id, name, email, phone) values (450, 'Kingsly Doey', 'kdoeych@edublogs.org', null);
insert ignore into customers (id, name, email, phone) values (451, 'Andria Cashford', 'acashfordci@who.int', '88-053-2591');
insert ignore into customers (id, name, email, phone) values (452, 'Abby Benfell', 'abenfellcj@goodreads.com', null);
insert ignore into customers (id, name, email, phone) values (453, 'Estele Banger', 'ebangerck@berkeley.edu', '46-156-2850');
insert ignore into customers (id, name, email, phone) values (454, 'Doralynn Almack', 'dalmackcl@discuz.net', '74-897-0290');
insert ignore into customers (id, name, email, phone) values (455, 'Loree Cauldfield', 'lcauldfieldcm@zimbio.com', '96-061-1722');
insert ignore into customers (id, name, email, phone) values (456, 'Bamby Stolberg', 'bstolbergcn@amazon.co.uk', null);
insert ignore into customers (id, name, email, phone) values (457, 'Jeanna Burley', 'jburleyco@paypal.com', '91-811-4978');
insert ignore into customers (id, name, email, phone) values (458, 'Rolland Woltering', 'rwolteringcp@cloudflare.com', '50-224-8486');
insert ignore into customers (id, name, email, phone) values (459, 'Tann Chazette', 'tchazettecq@unc.edu', null);
insert ignore into customers (id, name, email, phone) values (460, 'Barri Lambotin', 'blambotincr@cnbc.com', '18-786-4050');
insert ignore into customers (id, name, email, phone) values (461, 'Marianna Devonside', 'mdevonsidecs@ning.com', null);
insert ignore into customers (id, name, email, phone) values (462, 'Dorita Simony', 'dsimonyct@berkeley.edu', '62-782-4952');
insert ignore into customers (id, name, email, phone) values (463, 'Wilow Hould', 'whouldcu@forbes.com', '31-271-9316');
insert ignore into customers (id, name, email, phone) values (464, 'Malinde Jirieck', 'mjirieckcv@nifty.com', null);
insert ignore into customers (id, name, email, phone) values (465, 'Kaiser Meneely', 'kmeneelycw@go.com', null);
insert ignore into customers (id, name, email, phone) values (466, 'Carter Albury', 'calburycx@cocolog-nifty.com', null);
insert ignore into customers (id, name, email, phone) values (467, 'Kali Bampton', 'kbamptoncy@illinois.edu', null);
insert ignore into customers (id, name, email, phone) values (468, 'Jose Zanolli', 'jzanollicz@netlog.com', '29-856-6043');
insert ignore into customers (id, name, email, phone) values (469, 'Calla Pendleton', 'cpendletond0@dagondesign.com', null);
insert ignore into customers (id, name, email, phone) values (470, 'Patrica Verralls', 'pverrallsd1@msn.com', '87-226-7598');
insert ignore into customers (id, name, email, phone) values (471, 'Charisse Winckles', 'cwincklesd2@sciencedaily.com', '60-496-6083');
insert ignore into customers (id, name, email, phone) values (472, 'Marja Revans', 'mrevansd3@netscape.com', '03-516-5337');
insert ignore into customers (id, name, email, phone) values (473, 'Carrissa Nardrup', 'cnardrupd4@photobucket.com', null);
insert ignore into customers (id, name, email, phone) values (474, 'Jaquelyn Carluccio', 'jcarlucciod5@ihg.com', '30-523-7859');
insert ignore into customers (id, name, email, phone) values (475, 'Hall Veschambre', 'hveschambred6@youku.com', null);
insert ignore into customers (id, name, email, phone) values (476, 'Clareta Streatfield', 'cstreatfieldd7@google.ca', '57-919-1004');
insert ignore into customers (id, name, email, phone) values (477, 'Mike Millard', 'mmillardd8@zimbio.com', '99-447-9656');
insert ignore into customers (id, name, email, phone) values (478, 'Rick Linny', 'rlinnyd9@tripod.com', null);
insert ignore into customers (id, name, email, phone) values (479, 'Reese Rousel', 'rrouselda@sohu.com', null);
insert ignore into customers (id, name, email, phone) values (480, 'King Janaszewski', 'kjanaszewskidb@cdc.gov', '21-306-2467');
insert ignore into customers (id, name, email, phone) values (481, 'Dorothy Hartgill', 'dhartgilldc@latimes.com', null);
insert ignore into customers (id, name, email, phone) values (482, 'Dody Robbs', 'drobbsdd@ca.gov', '90-525-7995');
insert ignore into customers (id, name, email, phone) values (483, 'Humfrid Roblin', 'hroblinde@wufoo.com', '97-318-2289');
insert ignore into customers (id, name, email, phone) values (484, 'Tonia Porkiss', 'tporkissdf@is.gd', null);
insert ignore into customers (id, name, email, phone) values (485, 'Wakefield Semark', 'wsemarkdg@addtoany.com', null);
insert ignore into customers (id, name, email, phone) values (486, 'Lemuel Sheran', 'lsherandh@macromedia.com', '50-783-8664');
insert ignore into customers (id, name, email, phone) values (487, 'Michelina Dyott', 'mdyottdi@kickstarter.com', '11-397-2438');
insert ignore into customers (id, name, email, phone) values (488, 'Daffie Rollitt', 'drollittdj@oaic.gov.au', null);
insert ignore into customers (id, name, email, phone) values (489, 'Christabella Corneljes', 'ccorneljesdk@prlog.org', null);
insert ignore into customers (id, name, email, phone) values (490, 'Sandy Tabart', 'stabartdl@symantec.com', '29-956-7132');
insert ignore into customers (id, name, email, phone) values (491, 'Wally Radnage', 'wradnagedm@pcworld.com', null);
insert ignore into customers (id, name, email, phone) values (492, 'Bartie Adamovsky', 'badamovskydn@bandcamp.com', '55-619-2829');
insert ignore into customers (id, name, email, phone) values (493, 'Farah Aloshechkin', 'faloshechkindo@ebay.co.uk', null);
insert ignore into customers (id, name, email, phone) values (494, 'Hector Bernat', 'hbernatdp@unicef.org', null);
insert ignore into customers (id, name, email, phone) values (495, 'Art MacKomb', 'amackombdq@angelfire.com', null);
insert ignore into customers (id, name, email, phone) values (496, 'Hamilton Borzoni', 'hborzonidr@scribd.com', '52-593-3590');
insert ignore into customers (id, name, email, phone) values (497, 'Rafa Ghost', 'rghostds@aol.com', null);
insert ignore into customers (id, name, email, phone) values (498, 'Wait Crandon', 'wcrandondt@tinyurl.com', '06-858-0176');
insert ignore into customers (id, name, email, phone) values (499, 'Theodoric Cholmondeley', 'tcholmondeleydu@vistaprint.com', null);
insert ignore into customers (id, name, email, phone) values (500, 'Carole Avesque', 'cavesquedv@vinaora.com', null);
insert ignore into owners (id, name, email, phone) values (1, 'Terrell Salterne', 'tsalterne0@usnews.com', '27-480-5748');
insert ignore into owners (id, name, email, phone) values (2, 'Conchita Caught', 'ccaught1@latimes.com', '44-662-7280');
insert ignore into owners (id, name, email, phone) values (3, 'Kass Brogden', 'kbrogden2@accuweather.com', '76-350-8528');
insert ignore into owners (id, name, email, phone) values (4, 'Lamont Gianilli', 'lgianilli3@angelfire.com', null);
insert ignore into owners (id, name, email, phone) values (5, 'Asher Kleynen', 'akleynen4@surveymonkey.com', null);
insert ignore into owners (id, name, email, phone) values (6, 'Alta Hallows', 'ahallows5@so-net.ne.jp', '53-236-3527');
insert ignore into owners (id, name, email, phone) values (7, 'Tally McNabb', 'tmcnabb6@purevolume.com', '52-489-0088');
insert ignore into owners (id, name, email, phone) values (8, 'Lindi Tapley', 'ltapley7@merriam-webster.com', '52-163-5298');
insert ignore into owners (id, name, email, phone) values (9, 'Hale Ecclestone', 'hecclestone8@google.fr', null);
insert ignore into owners (id, name, email, phone) values (10, 'Roland McClurg', 'rmcclurg9@webs.com', '81-997-9822');
insert ignore into owners (id, name, email, phone) values (11, 'Eba Wasylkiewicz', 'ewasylkiewicza@storify.com', '90-516-2460');
insert ignore into owners (id, name, email, phone) values (12, 'Aggi Leipold', 'aleipoldb@360.cn', '25-058-9031');
insert ignore into owners (id, name, email, phone) values (13, 'Leonie Shelley', 'lshelleyc@prlog.org', '52-339-0195');
insert ignore into owners (id, name, email, phone) values (14, 'Reeta Worssam', 'rworssamd@bloglines.com', '32-125-3364');
insert ignore into owners (id, name, email, phone) values (15, 'Sibbie Heimes', 'sheimese@nih.gov', null);
insert ignore into owners (id, name, email, phone) values (16, 'Coleman Illing', 'cillingf@msu.edu', '97-280-7395');
insert ignore into owners (id, name, email, phone) values (17, 'Marleah Charlot', 'mcharlotg@zimbio.com', '87-282-7770');
insert ignore into owners (id, name, email, phone) values (18, 'Merill Bucktharp', 'mbucktharph@hugedomains.com', '10-851-9875');
insert ignore into owners (id, name, email, phone) values (19, 'Inessa Paskins', 'ipaskinsi@phpbb.com', null);
insert ignore into owners (id, name, email, phone) values (20, 'Demetris Reddy', 'dreddyj@plala.or.jp', null);
insert ignore into restaurants (id, name, address, id_owner) values (1, 'VelocityShares Daily Inverse VIX Short-Term ETN', '2 High Crossing Way', 9);
insert ignore into restaurants (id, name, address, id_owner) values (2, 'Quantum Corporation', '5862 Northwestern Road', 17);
insert ignore into restaurants (id, name, address, id_owner) values (3, 'Hawaiian Holdings, Inc.', '3 Jana Point', 20);
insert ignore into restaurants (id, name, address, id_owner) values (4, 'My Size, Inc.', '0943 Graceland Junction', 2);
insert ignore into restaurants (id, name, address, id_owner) values (5, 'Brooks Automation, Inc.', '29 Mallard Plaza', 18);
insert ignore into restaurants (id, name, address, id_owner) values (6, 'KBL Merger Corp. IV', '0717 Fairfield Trail', 2);
insert ignore into restaurants (id, name, address, id_owner) values (7, 'Beazer Homes USA, Inc.', '006 Farwell Junction', 2);
insert ignore into restaurants (id, name, address, id_owner) values (8, 'Ability Inc.', '1 Maple Wood Plaza', 20);
insert ignore into restaurants (id, name, address, id_owner) values (9, 'Adams Natural Resources Fund, Inc.', '8 Mccormick Hill', 13);
insert ignore into restaurants (id, name, address, id_owner) values (10, 'Invesco Senior Income Trust', '08346 Upham Court', 15);
insert ignore into restaurants (id, name, address, id_owner) values (11, 'Northfield Bancorp, Inc.', '1245 Bonner Park', 4);
insert ignore into restaurants (id, name, address, id_owner) values (12, 'Union Bankshares, Inc.', '40818 Starling Park', 15);
insert ignore into restaurants (id, name, address, id_owner) values (13, 'ProShares UltraPro Short NASDAQ Biotechnology', '441 Northwestern Place', 9);
insert ignore into restaurants (id, name, address, id_owner) values (14, 'ENDRA Life Sciences Inc.', '39167 Nova Drive', 10);
insert ignore into restaurants (id, name, address, id_owner) values (15, 'DaVita Inc.', '617 Mccormick Lane', 17);
insert ignore into restaurants (id, name, address, id_owner) values (16, 'Seaspan Corporation', '4 Springview Center', 3);
insert ignore into restaurants (id, name, address, id_owner) values (17, 'Genpact Limited', '1 Kropf Center', 4);
insert ignore into restaurants (id, name, address, id_owner) values (18, 'Bank of America Corporation', '6707 Fremont Park', 5);
insert ignore into restaurants (id, name, address, id_owner) values (19, 'Westrock Company', '6288 Erie Place', 7);
insert ignore into restaurants (id, name, address, id_owner) values (20, 'Toronto Dominion Bank (The)', '4 Ramsey Trail', 15);
insert ignore into restaurants (id, name, address, id_owner) values (21, 'INC Research Holdings, Inc.', '42 Stone Corner Avenue', 3);
insert ignore into restaurants (id, name, address, id_owner) values (22, 'Trinity Industries, Inc.', '42155 Lighthouse Bay Plaza', 9);
insert ignore into restaurants (id, name, address, id_owner) values (23, 'Natl Westminster Pfd', '0 Mayfield Junction', 20);
insert ignore into restaurants (id, name, address, id_owner) values (24, 'Natuzzi, S.p.A.', '32 Trailsway Street', 20);
insert ignore into restaurants (id, name, address, id_owner) values (25, 'PowerShares Water Resources Portfolio', '81198 Shasta Terrace', 9);
insert ignore into restaurants (id, name, address, id_owner) values (26, 'Capital Bank Financial Corp.', '41 Badeau Park', 6);
insert ignore into restaurants (id, name, address, id_owner) values (27, 'Conyers Park Acquisition Corp.', '90001 Arapahoe Circle', 16);
insert ignore into restaurants (id, name, address, id_owner) values (28, 'Spok Holdings, Inc.', '5 Dottie Trail', 3);
insert ignore into restaurants (id, name, address, id_owner) values (29, 'Great Elm Capital Group, Inc. ', '7 Scofield Place', 4);
insert ignore into restaurants (id, name, address, id_owner) values (30, 'Marinus Pharmaceuticals, Inc.', '1665 Moland Avenue', 18);
insert ignore into restaurants (id, name, address, id_owner) values (31, 'ICICI Bank Limited', '35144 Messerschmidt Street', 9);
insert ignore into restaurants (id, name, address, id_owner) values (32, 'Cliffs Natural Resources Inc.', '9763 Sunbrook Avenue', 13);
insert ignore into restaurants (id, name, address, id_owner) values (33, 'Toro Company (The)', '31 Scofield Alley', 11);
insert ignore into restaurants (id, name, address, id_owner) values (34, 'Teck Resources Ltd', '2 Lawn Terrace', 5);
insert ignore into restaurants (id, name, address, id_owner) values (35, 'OFS Capital Corporation', '462 Mayfield Court', 16);
insert ignore into restaurants (id, name, address, id_owner) values (36, 'GlycoMimetics, Inc.', '82 Kenwood Pass', 12);
insert ignore into restaurants (id, name, address, id_owner) values (37, 'Sportsman&#39;s Warehouse Holdings, Inc.', '928 Oak Plaza', 4);
insert ignore into restaurants (id, name, address, id_owner) values (38, 'First Trust Europe AlphaDEX Fund', '4 Amoth Alley', 20);
insert ignore into restaurants (id, name, address, id_owner) values (39, 'Eaton Vance Senior Income Trust', '65084 Nobel Drive', 3);
insert ignore into restaurants (id, name, address, id_owner) values (40, 'Vitamin Shoppe, Inc', '329 Cambridge Avenue', 2);
insert ignore into restaurants (id, name, address, id_owner) values (41, 'First Trust Multi Cap Value AlphaDEX Fund', '95361 Sutherland Court', 10);
insert ignore into restaurants (id, name, address, id_owner) values (42, 'Ecology and Environment, Inc.', '3883 Clemons Terrace', 2);
insert ignore into restaurants (id, name, address, id_owner) values (43, 'Loral Space and Communications, Inc.', '04 Mariners Cove Parkway', 9);
insert ignore into restaurants (id, name, address, id_owner) values (44, 'BroadSoft, Inc.', '30 Huxley Parkway', 18);
insert ignore into restaurants (id, name, address, id_owner) values (45, 'Carolina Trust BancShares, Inc.', '2627 Old Gate Pass', 13);
insert ignore into restaurants (id, name, address, id_owner) values (46, 'Nuance Communications, Inc.', '81572 Reinke Plaza', 18);
insert ignore into restaurants (id, name, address, id_owner) values (47, 'Ligand Pharmaceuticals Incorporated', '7 Loeprich Avenue', 14);
insert ignore into restaurants (id, name, address, id_owner) values (48, 'Stock Yards Bancorp, Inc.', '143 Ohio Center', 12);
insert ignore into restaurants (id, name, address, id_owner) values (49, 'Alon USA Partners, LP', '0277 Riverside Crossing', 13);
insert ignore into restaurants (id, name, address, id_owner) values (50, 'Legg Mason, Inc.', '4 New Castle Trail', 20);
insert ignore into reviews (id, date, id_customer, id_restaurant, score_service, score_food, score_environment) values (1, '2017-08-06 19:29:24', 137, 21, 20, 21, 9);
insert ignore into reviews (id, date, id_customer, id_restaurant, score_service, score_food, score_environment) values (2, '2017-07-29 05:37:16', 236, 50, 26, 28, 30);
insert ignore into reviews (id, date, id_customer, id_restaurant, score_service, score_food, score_environment) values (3, '2017-05-04 14:41:01', 255, 36, 4, 25, 23);
insert ignore into reviews (id, date, id_customer, id_restaurant, score_service, score_food, score_environment) values (4, '2017-07-11 01:00:03', 407, 40, 28, 2, 9);
insert ignore into reviews (id, date, id_customer, id_restaurant, score_service, score_food, score_environment) values (5, '2017-05-16 15:36:39', 122, 23, 3, 30, 18);
insert ignore into reviews (id, date, id_customer, id_restaurant, score_service, score_food, score_environment) values (6, '2017-08-31 12:36:50', 442, 1, 14, 25, 17);
insert ignore into reviews (id, date, id_customer, id_restaurant, score_service, score_food, score_environment) values (7, '2017-03-08 08:53:48', 329, 38, 2, 9, 21);
insert ignore into reviews (id, date, id_customer, id_restaurant, score_service, score_food, score_environment) values (8, '2017-06-30 01:29:11', 302, 38, 10, 24, 6);
insert ignore into reviews (id, date, id_customer, id_restaurant, score_service, score_food, score_environment) values (9, '2017-03-02 13:25:41', 167, 31, 6, 28, 20);
insert ignore into reviews (id, date, id_customer, id_restaurant, score_service, score_food, score_environment) values (10, '2017-09-18 12:56:57', 147, 48, 9, 2, 26);
insert ignore into reviews (id, date, id_customer, id_restaurant, score_service, score_food, score_environment) values (11, '2017-05-15 16:54:08', 118, 19, 7, 6, 6);
insert ignore into reviews (id, date, id_customer, id_restaurant, score_service, score_food, score_environment) values (12, '2017-11-01 16:25:39', 316, 50, 3, 1, 16);
insert ignore into reviews (id, date, id_customer, id_restaurant, score_service, score_food, score_environment) values (13, '2017-10-01 09:01:38', 17, 18, 21, 14, 4);
insert ignore into reviews (id, date, id_customer, id_restaurant, score_service, score_food, score_environment) values (14, '2017-02-08 20:24:44', 66, 49, 26, 28, 10);
insert ignore into reviews (id, date, id_customer, id_restaurant, score_service, score_food, score_environment) values (15, '2017-04-05 17:29:15', 429, 1, 17, 4, 6);
insert ignore into reviews (id, date, id_customer, id_restaurant, score_service, score_food, score_environment) values (16, '2017-03-20 17:29:43', 347, 32, 12, 30, 26);
insert ignore into reviews (id, date, id_customer, id_restaurant, score_service, score_food, score_environment) values (17, '2017-03-27 10:24:30', 407, 12, 12, 11, 17);
insert ignore into reviews (id, date, id_customer, id_restaurant, score_service, score_food, score_environment) values (18, '2016-12-21 23:56:16', 46, 37, 5, 27, 3);
insert ignore into reviews (id, date, id_customer, id_restaurant, score_service, score_food, score_environment) values (19, '2017-01-05 04:05:56', 344, 29, 28, 29, 13);
insert ignore into reviews (id, date, id_customer, id_restaurant, score_service, score_food, score_environment) values (20, '2017-02-12 04:33:56', 416, 44, 19, 17, 22);
insert ignore into reviews (id, date, id_customer, id_restaurant, score_service, score_food, score_environment) values (21, '2017-11-02 00:24:54', 177, 32, 20, 3, 13);
insert ignore into reviews (id, date, id_customer, id_restaurant, score_service, score_food, score_environment) values (22, '2017-10-10 15:14:17', 55, 48, 1, 6, 12);
insert ignore into reviews (id, date, id_customer, id_restaurant, score_service, score_food, score_environment) values (23, '2017-07-12 09:47:56', 279, 19, 27, 13, 3);
insert ignore into reviews (id, date, id_customer, id_restaurant, score_service, score_food, score_environment) values (24, '2017-12-05 18:00:07', 492, 47, 21, 8, 5);
insert ignore into reviews (id, date, id_customer, id_restaurant, score_service, score_food, score_environment) values (25, '2017-03-21 20:46:33', 422, 37, 27, 24, 6);
insert ignore into reviews (id, date, id_customer, id_restaurant, score_service, score_food, score_environment) values (26, '2017-12-23 18:24:31', 344, 28, 5, 23, 30);
insert ignore into reviews (id, date, id_customer, id_restaurant, score_service, score_food, score_environment) values (27, '2017-03-07 11:23:59', 44, 42, 14, 20, 29);
insert ignore into reviews (id, date, id_customer, id_restaurant, score_service, score_food, score_environment) values (28, '2017-10-01 14:35:10', 162, 3, 10, 1, 25);
insert ignore into reviews (id, date, id_customer, id_restaurant, score_service, score_food, score_environment) values (29, '2017-07-22 09:48:36', 324, 40, 26, 4, 5);
insert ignore into reviews (id, date, id_customer, id_restaurant, score_service, score_food, score_environment) values (30, '2017-10-06 13:10:21', 390, 46, 22, 22, 25);
insert ignore into reviews (id, date, id_customer, id_restaurant, score_service, score_food, score_environment) values (31, '2017-01-20 02:38:31', 12, 29, 25, 3, 20);
insert ignore into reviews (id, date, id_customer, id_restaurant, score_service, score_food, score_environment) values (32, '2017-06-07 11:36:50', 9, 31, 24, 29, 18);
insert ignore into reviews (id, date, id_customer, id_restaurant, score_service, score_food, score_environment) values (33, '2017-07-21 21:26:31', 78, 20, 16, 5, 17);
insert ignore into reviews (id, date, id_customer, id_restaurant, score_service, score_food, score_environment) values (34, '2017-09-27 16:22:26', 481, 24, 13, 6, 12);
insert ignore into reviews (id, date, id_customer, id_restaurant, score_service, score_food, score_environment) values (35, '2017-02-09 20:43:45', 193, 5, 17, 30, 16);
insert ignore into reviews (id, date, id_customer, id_restaurant, score_service, score_food, score_environment) values (36, '2017-12-27 02:06:17', 198, 20, 1, 29, 11);
insert ignore into reviews (id, date, id_customer, id_restaurant, score_service, score_food, score_environment) values (37, '2017-04-27 14:20:18', 481, 32, 10, 2, 22);
insert ignore into reviews (id, date, id_customer, id_restaurant, score_service, score_food, score_environment) values (38, '2017-03-06 15:33:54', 149, 15, 22, 30, 8);
insert ignore into reviews (id, date, id_customer, id_restaurant, score_service, score_food, score_environment) values (39, '2017-12-29 01:08:51', 52, 1, 9, 25, 10);
insert ignore into reviews (id, date, id_customer, id_restaurant, score_service, score_food, score_environment) values (40, '2017-01-16 05:09:52', 289, 8, 16, 13, 1);
insert ignore into reviews (id, date, id_customer, id_restaurant, score_service, score_food, score_environment) values (41, '2017-03-20 02:19:26', 475, 23, 2, 2, 10);
insert ignore into reviews (id, date, id_customer, id_restaurant, score_service, score_food, score_environment) values (42, '2017-09-08 16:58:25', 403, 46, 23, 23, 28);
insert ignore into reviews (id, date, id_customer, id_restaurant, score_service, score_food, score_environment) values (43, '2016-12-19 16:32:00', 114, 33, 26, 28, 16);
insert ignore into reviews (id, date, id_customer, id_restaurant, score_service, score_food, score_environment) values (44, '2017-07-01 00:59:53', 262, 21, 7, 3, 25);
insert ignore into reviews (id, date, id_customer, id_restaurant, score_service, score_food, score_environment) values (45, '2017-11-07 20:36:51', 207, 48, 17, 18, 22);
insert ignore into reviews (id, date, id_customer, id_restaurant, score_service, score_food, score_environment) values (46, '2016-12-14 22:47:05', 164, 17, 11, 25, 16);
insert ignore into reviews (id, date, id_customer, id_restaurant, score_service, score_food, score_environment) values (47, '2017-03-20 01:24:16', 150, 27, 8, 29, 24);
insert ignore into reviews (id, date, id_customer, id_restaurant, score_service, score_food, score_environment) values (48, '2017-07-19 20:12:07', 472, 31, 11, 15, 4);
insert ignore into reviews (id, date, id_customer, id_restaurant, score_service, score_food, score_environment) values (49, '2016-12-29 09:39:58', 486, 23, 9, 30, 10);
insert ignore into reviews (id, date, id_customer, id_restaurant, score_service, score_food, score_environment) values (50, '2017-09-20 16:01:32', 310, 45, 28, 26, 14);
insert ignore into reviews (id, date, id_customer, id_restaurant, score_service, score_food, score_environment) values (51, '2017-10-28 00:45:45', 37, 25, 4, 23, 9);
insert ignore into reviews (id, date, id_customer, id_restaurant, score_service, score_food, score_environment) values (52, '2017-04-22 07:46:36', 344, 48, 14, 6, 30);
insert ignore into reviews (id, date, id_customer, id_restaurant, score_service, score_food, score_environment) values (53, '2017-05-18 16:43:30', 380, 46, 18, 22, 30);
insert ignore into reviews (id, date, id_customer, id_restaurant, score_service, score_food, score_environment) values (54, '2017-04-23 22:54:29', 123, 32, 5, 22, 14);
insert ignore into reviews (id, date, id_customer, id_restaurant, score_service, score_food, score_environment) values (55, '2017-04-20 20:16:19', 13, 46, 7, 3, 6);
insert ignore into reviews (id, date, id_customer, id_restaurant, score_service, score_food, score_environment) values (56, '2017-12-12 23:30:14', 466, 26, 28, 11, 18);
insert ignore into reviews (id, date, id_customer, id_restaurant, score_service, score_food, score_environment) values (57, '2017-03-24 16:46:24', 385, 16, 4, 23, 17);
insert ignore into reviews (id, date, id_customer, id_restaurant, score_service, score_food, score_environment) values (58, '2017-09-24 02:50:50', 259, 45, 17, 17, 13);
insert ignore into reviews (id, date, id_customer, id_restaurant, score_service, score_food, score_environment) values (59, '2016-12-18 18:30:30', 441, 28, 5, 1, 24);
insert ignore into reviews (id, date, id_customer, id_restaurant, score_service, score_food, score_environment) values (60, '2017-11-12 17:33:54', 401, 27, 4, 19, 21);
insert ignore into reviews (id, date, id_customer, id_restaurant, score_service, score_food, score_environment) values (61, '2017-11-27 23:57:28', 449, 49, 23, 30, 13);
insert ignore into reviews (id, date, id_customer, id_restaurant, score_service, score_food, score_environment) values (62, '2017-12-18 21:49:27', 452, 50, 7, 4, 7);
insert ignore into reviews (id, date, id_customer, id_restaurant, score_service, score_food, score_environment) values (63, '2017-09-12 15:54:56', 48, 26, 12, 10, 8);
insert ignore into reviews (id, date, id_customer, id_restaurant, score_service, score_food, score_environment) values (64, '2017-01-20 14:26:49', 479, 1, 21, 1, 1);
insert ignore into reviews (id, date, id_customer, id_restaurant, score_service, score_food, score_environment) values (65, '2017-07-04 18:09:49', 336, 15, 22, 20, 26);
insert ignore into reviews (id, date, id_customer, id_restaurant, score_service, score_food, score_environment) values (66, '2017-03-20 00:11:19', 301, 15, 30, 9, 14);
insert ignore into reviews (id, date, id_customer, id_restaurant, score_service, score_food, score_environment) values (67, '2017-02-28 13:32:41', 488, 25, 8, 16, 24);
insert ignore into reviews (id, date, id_customer, id_restaurant, score_service, score_food, score_environment) values (68, '2018-01-04 17:12:37', 244, 17, 23, 26, 23);
insert ignore into reviews (id, date, id_customer, id_restaurant, score_service, score_food, score_environment) values (69, '2017-12-30 00:10:42', 466, 47, 28, 17, 4);
insert ignore into reviews (id, date, id_customer, id_restaurant, score_service, score_food, score_environment) values (70, '2017-01-11 22:39:37', 481, 44, 9, 14, 28);
insert ignore into reviews (id, date, id_customer, id_restaurant, score_service, score_food, score_environment) values (71, '2017-04-09 19:24:13', 113, 37, 6, 17, 4);
insert ignore into reviews (id, date, id_customer, id_restaurant, score_service, score_food, score_environment) values (72, '2017-02-27 15:08:03', 202, 4, 3, 3, 4);
insert ignore into reviews (id, date, id_customer, id_restaurant, score_service, score_food, score_environment) values (73, '2017-08-31 16:57:39', 156, 4, 24, 21, 26);
insert ignore into reviews (id, date, id_customer, id_restaurant, score_service, score_food, score_environment) values (74, '2017-06-21 21:56:41', 16, 40, 12, 29, 10);
insert ignore into reviews (id, date, id_customer, id_restaurant, score_service, score_food, score_environment) values (75, '2017-06-02 08:28:42', 16, 39, 5, 11, 3);
insert ignore into reviews (id, date, id_customer, id_restaurant, score_service, score_food, score_environment) values (76, '2017-08-18 23:49:20', 345, 24, 14, 2, 26);
insert ignore into reviews (id, date, id_customer, id_restaurant, score_service, score_food, score_environment) values (77, '2017-08-10 00:47:32', 469, 20, 17, 21, 18);
insert ignore into reviews (id, date, id_customer, id_restaurant, score_service, score_food, score_environment) values (78, '2017-09-06 12:42:16', 82, 8, 12, 22, 2);
insert ignore into reviews (id, date, id_customer, id_restaurant, score_service, score_food, score_environment) values (79, '2017-03-20 21:29:32', 469, 10, 28, 14, 19);
insert ignore into reviews (id, date, id_customer, id_restaurant, score_service, score_food, score_environment) values (80, '2017-11-10 09:20:57', 23, 3, 26, 3, 8);
insert ignore into reviews (id, date, id_customer, id_restaurant, score_service, score_food, score_environment) values (81, '2017-11-30 19:47:17', 265, 34, 26, 6, 7);
insert ignore into reviews (id, date, id_customer, id_restaurant, score_service, score_food, score_environment) values (82, '2017-10-10 09:58:40', 378, 36, 26, 6, 16);
insert ignore into reviews (id, date, id_customer, id_restaurant, score_service, score_food, score_environment) values (83, '2017-12-15 21:05:24', 26, 18, 2, 2, 4);
insert ignore into reviews (id, date, id_customer, id_restaurant, score_service, score_food, score_environment) values (84, '2017-04-03 10:01:16', 93, 41, 2, 10, 12);
insert ignore into reviews (id, date, id_customer, id_restaurant, score_service, score_food, score_environment) values (85, '2017-05-03 01:10:23', 378, 6, 5, 27, 10);
insert ignore into reviews (id, date, id_customer, id_restaurant, score_service, score_food, score_environment) values (86, '2017-01-20 05:00:58', 39, 47, 14, 22, 4);
insert ignore into reviews (id, date, id_customer, id_restaurant, score_service, score_food, score_environment) values (87, '2016-12-28 03:26:01', 297, 31, 9, 11, 17);
insert ignore into reviews (id, date, id_customer, id_restaurant, score_service, score_food, score_environment) values (88, '2017-05-12 09:09:53', 195, 41, 7, 9, 16);
insert ignore into reviews (id, date, id_customer, id_restaurant, score_service, score_food, score_environment) values (89, '2017-11-17 15:53:27', 100, 28, 3, 19, 1);
insert ignore into reviews (id, date, id_customer, id_restaurant, score_service, score_food, score_environment) values (90, '2017-05-31 01:52:12', 391, 24, 30, 9, 24);
insert ignore into reviews (id, date, id_customer, id_restaurant, score_service, score_food, score_environment) values (91, '2017-02-13 06:40:28', 331, 8, 4, 25, 15);
insert ignore into reviews (id, date, id_customer, id_restaurant, score_service, score_food, score_environment) values (92, '2017-07-29 03:35:09', 409, 23, 1, 22, 6);
insert ignore into reviews (id, date, id_customer, id_restaurant, score_service, score_food, score_environment) values (93, '2017-03-05 22:07:33', 123, 13, 30, 10, 27);
insert ignore into reviews (id, date, id_customer, id_restaurant, score_service, score_food, score_environment) values (94, '2017-08-18 07:44:02', 381, 36, 12, 17, 6);
insert ignore into reviews (id, date, id_customer, id_restaurant, score_service, score_food, score_environment) values (95, '2017-06-19 10:07:22', 455, 8, 18, 16, 8);
insert ignore into reviews (id, date, id_customer, id_restaurant, score_service, score_food, score_environment) values (96, '2017-01-12 04:18:49', 174, 20, 10, 22, 2);
insert ignore into reviews (id, date, id_customer, id_restaurant, score_service, score_food, score_environment) values (97, '2017-11-29 00:51:17', 276, 35, 7, 2, 26);
insert ignore into reviews (id, date, id_customer, id_restaurant, score_service, score_food, score_environment) values (98, '2017-11-30 10:51:20', 159, 31, 27, 24, 30);
insert ignore into reviews (id, date, id_customer, id_restaurant, score_service, score_food, score_environment) values (99, '2017-02-11 17:26:07', 275, 27, 23, 20, 23);
insert ignore into reviews (id, date, id_customer, id_restaurant, score_service, score_food, score_environment) values (100, '2017-01-15 17:45:33', 235, 20, 7, 1, 15);
insert ignore into reviews (id, date, id_customer, id_restaurant, score_service, score_food, score_environment) values (101, '2017-12-16 06:46:14', 1, 12, 28, 11, 18);
insert ignore into reviews (id, date, id_customer, id_restaurant, score_service, score_food, score_environment) values (102, '2017-08-01 05:04:35', 167, 17, 16, 4, 21);
insert ignore into reviews (id, date, id_customer, id_restaurant, score_service, score_food, score_environment) values (103, '2017-11-24 01:47:10', 389, 31, 10, 21, 10);
insert ignore into reviews (id, date, id_customer, id_restaurant, score_service, score_food, score_environment) values (104, '2017-03-05 03:40:02', 74, 28, 30, 26, 15);
insert ignore into reviews (id, date, id_customer, id_restaurant, score_service, score_food, score_environment) values (105, '2017-07-23 09:06:44', 440, 28, 14, 12, 15);
insert ignore into reviews (id, date, id_customer, id_restaurant, score_service, score_food, score_environment) values (106, '2017-01-01 10:30:43', 312, 30, 6, 10, 5);
insert ignore into reviews (id, date, id_customer, id_restaurant, score_service, score_food, score_environment) values (107, '2017-05-05 06:05:53', 412, 46, 25, 10, 4);
insert ignore into reviews (id, date, id_customer, id_restaurant, score_service, score_food, score_environment) values (108, '2017-11-20 13:13:36', 261, 32, 12, 6, 16);
insert ignore into reviews (id, date, id_customer, id_restaurant, score_service, score_food, score_environment) values (109, '2017-01-26 20:09:26', 111, 46, 9, 29, 28);
insert ignore into reviews (id, date, id_customer, id_restaurant, score_service, score_food, score_environment) values (110, '2017-06-23 23:16:53', 252, 19, 30, 14, 20);
insert ignore into reviews (id, date, id_customer, id_restaurant, score_service, score_food, score_environment) values (111, '2017-09-18 12:27:30', 128, 38, 21, 27, 24);
insert ignore into reviews (id, date, id_customer, id_restaurant, score_service, score_food, score_environment) values (112, '2017-02-20 12:42:02', 173, 26, 17, 5, 29);
insert ignore into reviews (id, date, id_customer, id_restaurant, score_service, score_food, score_environment) values (113, '2017-10-22 18:33:31', 477, 31, 16, 29, 15);
insert ignore into reviews (id, date, id_customer, id_restaurant, score_service, score_food, score_environment) values (114, '2017-10-07 16:46:30', 30, 19, 6, 24, 27);
insert ignore into reviews (id, date, id_customer, id_restaurant, score_service, score_food, score_environment) values (115, '2017-07-19 21:36:11', 87, 28, 2, 25, 2);
insert ignore into reviews (id, date, id_customer, id_restaurant, score_service, score_food, score_environment) values (116, '2017-03-09 16:37:28', 495, 32, 5, 17, 15);
insert ignore into reviews (id, date, id_customer, id_restaurant, score_service, score_food, score_environment) values (117, '2017-12-13 20:48:53', 129, 28, 30, 14, 8);
insert ignore into reviews (id, date, id_customer, id_restaurant, score_service, score_food, score_environment) values (118, '2017-03-19 16:21:48', 11, 2, 21, 19, 26);
insert ignore into reviews (id, date, id_customer, id_restaurant, score_service, score_food, score_environment) values (119, '2017-11-21 21:06:21', 365, 2, 21, 13, 14);
insert ignore into reviews (id, date, id_customer, id_restaurant, score_service, score_food, score_environment) values (120, '2017-06-28 14:49:29', 28, 50, 16, 8, 8);
insert ignore into reviews (id, date, id_customer, id_restaurant, score_service, score_food, score_environment) values (121, '2017-10-14 05:09:50', 205, 47, 30, 3, 4);
insert ignore into reviews (id, date, id_customer, id_restaurant, score_service, score_food, score_environment) values (122, '2017-11-12 17:55:58', 483, 7, 7, 30, 19);
insert ignore into reviews (id, date, id_customer, id_restaurant, score_service, score_food, score_environment) values (123, '2017-04-15 07:12:37', 261, 5, 1, 23, 28);
insert ignore into reviews (id, date, id_customer, id_restaurant, score_service, score_food, score_environment) values (124, '2017-12-21 08:55:47', 163, 33, 4, 4, 12);
insert ignore into reviews (id, date, id_customer, id_restaurant, score_service, score_food, score_environment) values (125, '2017-03-13 06:35:15', 358, 50, 2, 26, 8);
insert ignore into reviews (id, date, id_customer, id_restaurant, score_service, score_food, score_environment) values (126, '2017-03-26 17:19:05', 175, 42, 8, 3, 7);
insert ignore into reviews (id, date, id_customer, id_restaurant, score_service, score_food, score_environment) values (127, '2017-12-08 23:25:27', 489, 14, 3, 24, 24);
insert ignore into reviews (id, date, id_customer, id_restaurant, score_service, score_food, score_environment) values (128, '2017-10-15 20:27:22', 146, 41, 10, 25, 26);
insert ignore into reviews (id, date, id_customer, id_restaurant, score_service, score_food, score_environment) values (129, '2017-06-19 14:10:23', 56, 6, 9, 2, 9);
insert ignore into reviews (id, date, id_customer, id_restaurant, score_service, score_food, score_environment) values (130, '2017-09-08 22:34:59', 315, 28, 22, 17, 23);
insert ignore into reviews (id, date, id_customer, id_restaurant, score_service, score_food, score_environment) values (131, '2017-03-13 16:55:28', 257, 3, 22, 30, 9);
insert ignore into reviews (id, date, id_customer, id_restaurant, score_service, score_food, score_environment) values (132, '2017-05-11 04:54:56', 423, 43, 14, 25, 8);
insert ignore into reviews (id, date, id_customer, id_restaurant, score_service, score_food, score_environment) values (133, '2017-11-19 23:20:16', 64, 23, 30, 21, 23);
insert ignore into reviews (id, date, id_customer, id_restaurant, score_service, score_food, score_environment) values (134, '2018-01-02 12:35:41', 166, 31, 30, 13, 4);
insert ignore into reviews (id, date, id_customer, id_restaurant, score_service, score_food, score_environment) values (135, '2017-03-14 00:16:42', 15, 26, 3, 26, 29);
insert ignore into reviews (id, date, id_customer, id_restaurant, score_service, score_food, score_environment) values (136, '2017-02-17 18:58:34', 319, 33, 6, 29, 27);
insert ignore into reviews (id, date, id_customer, id_restaurant, score_service, score_food, score_environment) values (137, '2017-03-09 11:01:19', 472, 48, 23, 28, 8);
insert ignore into reviews (id, date, id_customer, id_restaurant, score_service, score_food, score_environment) values (138, '2017-07-23 04:52:20', 269, 6, 10, 20, 19);
insert ignore into reviews (id, date, id_customer, id_restaurant, score_service, score_food, score_environment) values (139, '2017-09-09 07:32:55', 186, 13, 4, 24, 26);
insert ignore into reviews (id, date, id_customer, id_restaurant, score_service, score_food, score_environment) values (140, '2017-08-04 14:43:25', 222, 40, 13, 9, 8);
insert ignore into reviews (id, date, id_customer, id_restaurant, score_service, score_food, score_environment) values (141, '2017-02-25 18:33:44', 412, 27, 1, 10, 26);
insert ignore into reviews (id, date, id_customer, id_restaurant, score_service, score_food, score_environment) values (142, '2017-09-30 01:12:37', 500, 19, 29, 29, 24);
insert ignore into reviews (id, date, id_customer, id_restaurant, score_service, score_food, score_environment) values (143, '2017-10-04 02:00:17', 63, 43, 1, 27, 26);
insert ignore into reviews (id, date, id_customer, id_restaurant, score_service, score_food, score_environment) values (144, '2017-12-13 08:15:34', 214, 38, 11, 7, 15);
insert ignore into reviews (id, date, id_customer, id_restaurant, score_service, score_food, score_environment) values (145, '2017-05-04 20:30:55', 292, 50, 8, 4, 29);
insert ignore into reviews (id, date, id_customer, id_restaurant, score_service, score_food, score_environment) values (146, '2017-10-27 18:57:42', 413, 1, 1, 20, 8);
insert ignore into reviews (id, date, id_customer, id_restaurant, score_service, score_food, score_environment) values (147, '2017-10-22 03:58:26', 266, 22, 6, 12, 3);
insert ignore into reviews (id, date, id_customer, id_restaurant, score_service, score_food, score_environment) values (148, '2017-03-21 02:36:57', 220, 22, 8, 21, 30);
insert ignore into reviews (id, date, id_customer, id_restaurant, score_service, score_food, score_environment) values (149, '2017-05-26 16:24:20', 129, 42, 19, 27, 25);
insert ignore into reviews (id, date, id_customer, id_restaurant, score_service, score_food, score_environment) values (150, '2017-05-14 21:33:50', 347, 12, 12, 23, 18);
insert ignore into reviews (id, date, id_customer, id_restaurant, score_service, score_food, score_environment) values (151, '2017-07-05 07:52:41', 236, 40, 6, 21, 10);
insert ignore into reviews (id, date, id_customer, id_restaurant, score_service, score_food, score_environment) values (152, '2017-09-20 07:03:41', 191, 22, 14, 29, 24);
insert ignore into reviews (id, date, id_customer, id_restaurant, score_service, score_food, score_environment) values (153, '2017-08-20 17:19:53', 8, 3, 22, 18, 2);
insert ignore into reviews (id, date, id_customer, id_restaurant, score_service, score_food, score_environment) values (154, '2017-02-28 12:11:38', 436, 13, 2, 16, 8);
insert ignore into reviews (id, date, id_customer, id_restaurant, score_service, score_food, score_environment) values (155, '2017-07-03 02:32:53', 304, 12, 8, 14, 27);
insert ignore into reviews (id, date, id_customer, id_restaurant, score_service, score_food, score_environment) values (156, '2017-02-21 17:43:02', 108, 9, 26, 8, 17);
insert ignore into reviews (id, date, id_customer, id_restaurant, score_service, score_food, score_environment) values (157, '2017-12-19 12:47:21', 360, 13, 26, 4, 15);
insert ignore into reviews (id, date, id_customer, id_restaurant, score_service, score_food, score_environment) values (158, '2017-08-14 16:45:10', 165, 8, 3, 27, 5);
insert ignore into reviews (id, date, id_customer, id_restaurant, score_service, score_food, score_environment) values (159, '2017-01-03 16:39:52', 6, 12, 8, 12, 17);
insert ignore into reviews (id, date, id_customer, id_restaurant, score_service, score_food, score_environment) values (160, '2017-03-06 05:14:09', 464, 31, 4, 14, 3);
insert ignore into reviews (id, date, id_customer, id_restaurant, score_service, score_food, score_environment) values (161, '2017-03-31 14:55:45', 458, 39, 13, 11, 18);
insert ignore into reviews (id, date, id_customer, id_restaurant, score_service, score_food, score_environment) values (162, '2017-04-30 00:55:36', 402, 43, 8, 17, 5);
insert ignore into reviews (id, date, id_customer, id_restaurant, score_service, score_food, score_environment) values (163, '2017-07-14 11:42:52', 410, 3, 10, 22, 10);
insert ignore into reviews (id, date, id_customer, id_restaurant, score_service, score_food, score_environment) values (164, '2017-04-17 23:13:29', 423, 43, 6, 3, 22);
insert ignore into reviews (id, date, id_customer, id_restaurant, score_service, score_food, score_environment) values (165, '2017-11-30 01:46:17', 188, 5, 21, 5, 7);
insert ignore into reviews (id, date, id_customer, id_restaurant, score_service, score_food, score_environment) values (166, '2017-10-29 14:02:29', 211, 26, 7, 1, 11);
insert ignore into reviews (id, date, id_customer, id_restaurant, score_service, score_food, score_environment) values (167, '2017-08-02 20:59:06', 426, 20, 13, 6, 25);
insert ignore into reviews (id, date, id_customer, id_restaurant, score_service, score_food, score_environment) values (168, '2017-04-22 13:31:49', 500, 48, 5, 11, 11);
insert ignore into reviews (id, date, id_customer, id_restaurant, score_service, score_food, score_environment) values (169, '2017-06-25 09:27:27', 310, 37, 14, 3, 9);
insert ignore into reviews (id, date, id_customer, id_restaurant, score_service, score_food, score_environment) values (170, '2017-09-07 02:59:09', 53, 3, 5, 21, 16);
insert ignore into reviews (id, date, id_customer, id_restaurant, score_service, score_food, score_environment) values (171, '2017-11-03 22:16:39', 492, 45, 15, 28, 26);
insert ignore into reviews (id, date, id_customer, id_restaurant, score_service, score_food, score_environment) values (172, '2017-06-25 05:43:04', 13, 15, 24, 21, 19);
insert ignore into reviews (id, date, id_customer, id_restaurant, score_service, score_food, score_environment) values (173, '2017-03-10 18:44:26', 10, 35, 22, 4, 29);
insert ignore into reviews (id, date, id_customer, id_restaurant, score_service, score_food, score_environment) values (174, '2017-05-16 22:03:12', 84, 39, 21, 24, 1);
insert ignore into reviews (id, date, id_customer, id_restaurant, score_service, score_food, score_environment) values (175, '2017-11-21 09:53:37', 32, 49, 11, 10, 4);
insert ignore into reviews (id, date, id_customer, id_restaurant, score_service, score_food, score_environment) values (176, '2016-12-09 15:21:00', 52, 28, 15, 17, 12);
insert ignore into reviews (id, date, id_customer, id_restaurant, score_service, score_food, score_environment) values (177, '2017-01-20 01:25:35', 367, 50, 11, 29, 10);
insert ignore into reviews (id, date, id_customer, id_restaurant, score_service, score_food, score_environment) values (178, '2017-05-21 11:56:52', 220, 46, 18, 14, 28);
insert ignore into reviews (id, date, id_customer, id_restaurant, score_service, score_food, score_environment) values (179, '2017-09-09 06:33:29', 139, 24, 2, 11, 18);
insert ignore into reviews (id, date, id_customer, id_restaurant, score_service, score_food, score_environment) values (180, '2017-08-30 08:48:25', 17, 26, 29, 18, 18);
insert ignore into reviews (id, date, id_customer, id_restaurant, score_service, score_food, score_environment) values (181, '2017-01-13 01:40:30', 497, 14, 14, 8, 13);
insert ignore into reviews (id, date, id_customer, id_restaurant, score_service, score_food, score_environment) values (182, '2017-04-29 05:44:22', 365, 7, 8, 2, 27);
insert ignore into reviews (id, date, id_customer, id_restaurant, score_service, score_food, score_environment) values (183, '2017-02-10 13:18:23', 180, 48, 21, 28, 6);
insert ignore into reviews (id, date, id_customer, id_restaurant, score_service, score_food, score_environment) values (184, '2017-02-15 08:53:45', 500, 35, 22, 30, 2);
insert ignore into reviews (id, date, id_customer, id_restaurant, score_service, score_food, score_environment) values (185, '2017-12-29 10:11:43', 343, 29, 20, 16, 12);
insert ignore into reviews (id, date, id_customer, id_restaurant, score_service, score_food, score_environment) values (186, '2017-08-12 01:34:28', 304, 35, 7, 27, 5);
insert ignore into reviews (id, date, id_customer, id_restaurant, score_service, score_food, score_environment) values (187, '2016-12-29 05:50:26', 110, 4, 14, 24, 27);
insert ignore into reviews (id, date, id_customer, id_restaurant, score_service, score_food, score_environment) values (188, '2017-05-22 21:22:11', 314, 20, 18, 17, 2);
insert ignore into reviews (id, date, id_customer, id_restaurant, score_service, score_food, score_environment) values (189, '2017-10-11 19:13:41', 18, 20, 21, 29, 11);
insert ignore into reviews (id, date, id_customer, id_restaurant, score_service, score_food, score_environment) values (190, '2017-03-10 21:59:30', 391, 21, 1, 24, 23);
insert ignore into reviews (id, date, id_customer, id_restaurant, score_service, score_food, score_environment) values (191, '2017-08-08 14:33:13', 343, 23, 27, 23, 25);
insert ignore into reviews (id, date, id_customer, id_restaurant, score_service, score_food, score_environment) values (192, '2017-07-26 03:56:32', 35, 21, 11, 14, 25);
insert ignore into reviews (id, date, id_customer, id_restaurant, score_service, score_food, score_environment) values (193, '2017-05-03 15:13:23', 93, 42, 4, 21, 9);
insert ignore into reviews (id, date, id_customer, id_restaurant, score_service, score_food, score_environment) values (194, '2017-03-10 15:31:52', 402, 3, 16, 23, 5);
insert ignore into reviews (id, date, id_customer, id_restaurant, score_service, score_food, score_environment) values (195, '2017-11-28 06:47:53', 353, 29, 27, 29, 29);
insert ignore into reviews (id, date, id_customer, id_restaurant, score_service, score_food, score_environment) values (196, '2017-01-03 04:34:32', 417, 30, 10, 24, 23);
insert ignore into reviews (id, date, id_customer, id_restaurant, score_service, score_food, score_environment) values (197, '2017-07-11 09:20:43', 68, 44, 26, 2, 22);
insert ignore into reviews (id, date, id_customer, id_restaurant, score_service, score_food, score_environment) values (198, '2017-01-08 10:36:30', 439, 24, 6, 18, 14);
insert ignore into reviews (id, date, id_customer, id_restaurant, score_service, score_food, score_environment) values (199, '2017-06-27 10:37:50', 365, 45, 21, 3, 25);
insert ignore into reviews (id, date, id_customer, id_restaurant, score_service, score_food, score_environment) values (200, '2017-09-05 00:17:14', 106, 7, 21, 12, 7);
insert ignore into reviews (id, date, id_customer, id_restaurant, score_service, score_food, score_environment) values (201, '2017-04-01 22:48:27', 102, 14, 7, 15, 27);
insert ignore into reviews (id, date, id_customer, id_restaurant, score_service, score_food, score_environment) values (202, '2017-10-07 02:13:05', 142, 16, 29, 19, 16);
insert ignore into reviews (id, date, id_customer, id_restaurant, score_service, score_food, score_environment) values (203, '2017-10-27 06:33:14', 72, 19, 20, 19, 17);
insert ignore into reviews (id, date, id_customer, id_restaurant, score_service, score_food, score_environment) values (204, '2017-11-19 15:31:57', 70, 36, 22, 12, 26);
insert ignore into reviews (id, date, id_customer, id_restaurant, score_service, score_food, score_environment) values (205, '2017-07-17 03:37:59', 369, 31, 29, 25, 24);
insert ignore into reviews (id, date, id_customer, id_restaurant, score_service, score_food, score_environment) values (206, '2017-03-29 12:04:20', 478, 47, 8, 1, 5);
insert ignore into reviews (id, date, id_customer, id_restaurant, score_service, score_food, score_environment) values (207, '2017-06-11 11:14:33', 63, 32, 12, 22, 1);
insert ignore into reviews (id, date, id_customer, id_restaurant, score_service, score_food, score_environment) values (208, '2017-01-20 14:30:38', 497, 24, 3, 27, 27);
insert ignore into reviews (id, date, id_customer, id_restaurant, score_service, score_food, score_environment) values (209, '2017-11-27 22:12:42', 488, 10, 5, 28, 27);
insert ignore into reviews (id, date, id_customer, id_restaurant, score_service, score_food, score_environment) values (210, '2017-10-09 02:19:52', 317, 9, 8, 14, 14);
insert ignore into reviews (id, date, id_customer, id_restaurant, score_service, score_food, score_environment) values (211, '2017-12-29 06:30:15', 155, 3, 25, 6, 19);
insert ignore into reviews (id, date, id_customer, id_restaurant, score_service, score_food, score_environment) values (212, '2017-02-15 10:44:49', 88, 46, 25, 18, 16);
insert ignore into reviews (id, date, id_customer, id_restaurant, score_service, score_food, score_environment) values (213, '2017-11-13 14:04:09', 449, 20, 12, 2, 1);
insert ignore into reviews (id, date, id_customer, id_restaurant, score_service, score_food, score_environment) values (214, '2017-08-07 17:54:48', 62, 43, 25, 23, 7);
insert ignore into reviews (id, date, id_customer, id_restaurant, score_service, score_food, score_environment) values (215, '2017-06-06 02:46:02', 478, 41, 15, 13, 22);
insert ignore into reviews (id, date, id_customer, id_restaurant, score_service, score_food, score_environment) values (216, '2017-01-20 22:28:44', 231, 13, 20, 10, 25);
insert ignore into reviews (id, date, id_customer, id_restaurant, score_service, score_food, score_environment) values (217, '2017-04-10 10:55:01', 396, 43, 24, 6, 8);
insert ignore into reviews (id, date, id_customer, id_restaurant, score_service, score_food, score_environment) values (218, '2017-06-29 08:45:35', 1, 12, 7, 18, 12);
insert ignore into reviews (id, date, id_customer, id_restaurant, score_service, score_food, score_environment) values (219, '2017-08-14 10:44:10', 306, 40, 19, 25, 22);
insert ignore into reviews (id, date, id_customer, id_restaurant, score_service, score_food, score_environment) values (220, '2017-11-12 07:07:01', 307, 23, 21, 20, 1);
insert ignore into reviews (id, date, id_customer, id_restaurant, score_service, score_food, score_environment) values (221, '2017-09-10 16:37:06', 499, 2, 11, 30, 24);
insert ignore into reviews (id, date, id_customer, id_restaurant, score_service, score_food, score_environment) values (222, '2017-07-15 22:09:55', 140, 47, 23, 26, 24);
insert ignore into reviews (id, date, id_customer, id_restaurant, score_service, score_food, score_environment) values (223, '2017-12-29 05:46:29', 468, 43, 13, 30, 25);
insert ignore into reviews (id, date, id_customer, id_restaurant, score_service, score_food, score_environment) values (224, '2017-01-20 19:30:38', 57, 17, 13, 22, 9);
insert ignore into reviews (id, date, id_customer, id_restaurant, score_service, score_food, score_environment) values (225, '2017-02-14 10:22:34', 438, 16, 5, 30, 29);
insert ignore into reviews (id, date, id_customer, id_restaurant, score_service, score_food, score_environment) values (226, '2017-12-25 19:19:54', 415, 8, 17, 13, 25);
insert ignore into reviews (id, date, id_customer, id_restaurant, score_service, score_food, score_environment) values (227, '2016-12-19 05:23:12', 222, 16, 16, 23, 24);
insert ignore into reviews (id, date, id_customer, id_restaurant, score_service, score_food, score_environment) values (228, '2017-11-10 05:56:14', 96, 13, 5, 25, 3);
insert ignore into reviews (id, date, id_customer, id_restaurant, score_service, score_food, score_environment) values (229, '2017-02-16 15:40:38', 411, 6, 13, 24, 5);
insert ignore into reviews (id, date, id_customer, id_restaurant, score_service, score_food, score_environment) values (230, '2017-01-22 10:11:08', 243, 35, 13, 2, 11);
insert ignore into reviews (id, date, id_customer, id_restaurant, score_service, score_food, score_environment) values (231, '2017-08-27 23:38:15', 148, 22, 9, 3, 23);
insert ignore into reviews (id, date, id_customer, id_restaurant, score_service, score_food, score_environment) values (232, '2017-04-22 23:51:51', 295, 2, 27, 9, 29);
insert ignore into reviews (id, date, id_customer, id_restaurant, score_service, score_food, score_environment) values (233, '2017-02-05 16:59:12', 309, 9, 14, 23, 18);
insert ignore into reviews (id, date, id_customer, id_restaurant, score_service, score_food, score_environment) values (234, '2017-07-20 14:43:24', 169, 34, 28, 2, 6);
insert ignore into reviews (id, date, id_customer, id_restaurant, score_service, score_food, score_environment) values (235, '2016-12-21 00:02:05', 229, 19, 25, 15, 20);
insert ignore into reviews (id, date, id_customer, id_restaurant, score_service, score_food, score_environment) values (236, '2017-09-20 15:21:33', 478, 12, 13, 10, 17);
insert ignore into reviews (id, date, id_customer, id_restaurant, score_service, score_food, score_environment) values (237, '2017-03-29 22:11:06', 219, 16, 7, 27, 13);
insert ignore into reviews (id, date, id_customer, id_restaurant, score_service, score_food, score_environment) values (238, '2017-09-04 11:54:31', 248, 42, 23, 16, 13);
insert ignore into reviews (id, date, id_customer, id_restaurant, score_service, score_food, score_environment) values (239, '2017-10-17 17:31:05', 255, 11, 3, 7, 13);
insert ignore into reviews (id, date, id_customer, id_restaurant, score_service, score_food, score_environment) values (240, '2017-07-24 13:15:33', 422, 37, 3, 14, 2);
insert ignore into reviews (id, date, id_customer, id_restaurant, score_service, score_food, score_environment) values (241, '2017-02-21 17:30:11', 89, 17, 19, 6, 25);
insert ignore into reviews (id, date, id_customer, id_restaurant, score_service, score_food, score_environment) values (242, '2017-12-01 18:45:53', 27, 18, 20, 9, 6);
insert ignore into reviews (id, date, id_customer, id_restaurant, score_service, score_food, score_environment) values (243, '2017-08-26 14:05:03', 366, 11, 13, 28, 22);
insert ignore into reviews (id, date, id_customer, id_restaurant, score_service, score_food, score_environment) values (244, '2017-09-15 09:58:55', 186, 6, 16, 9, 5);
insert ignore into reviews (id, date, id_customer, id_restaurant, score_service, score_food, score_environment) values (245, '2017-06-22 06:55:43', 204, 20, 17, 26, 8);
insert ignore into reviews (id, date, id_customer, id_restaurant, score_service, score_food, score_environment) values (246, '2017-10-16 11:07:12', 176, 42, 16, 7, 12);
insert ignore into reviews (id, date, id_customer, id_restaurant, score_service, score_food, score_environment) values (247, '2017-08-21 11:57:36', 313, 28, 15, 9, 3);
insert ignore into reviews (id, date, id_customer, id_restaurant, score_service, score_food, score_environment) values (248, '2017-11-14 11:14:30', 212, 24, 30, 17, 11);
insert ignore into reviews (id, date, id_customer, id_restaurant, score_service, score_food, score_environment) values (249, '2017-11-05 18:50:51', 162, 2, 18, 22, 3);
insert ignore into reviews (id, date, id_customer, id_restaurant, score_service, score_food, score_environment) values (250, '2017-07-17 04:27:10', 447, 16, 28, 1, 12);
insert ignore into reviews (id, date, id_customer, id_restaurant, score_service, score_food, score_environment) values (251, '2017-12-22 16:59:07', 217, 5, 6, 5, 5);
insert ignore into reviews (id, date, id_customer, id_restaurant, score_service, score_food, score_environment) values (252, '2017-08-20 19:30:17', 497, 33, 25, 18, 6);
insert ignore into reviews (id, date, id_customer, id_restaurant, score_service, score_food, score_environment) values (253, '2018-01-06 18:22:04', 110, 1, 13, 17, 3);
insert ignore into reviews (id, date, id_customer, id_restaurant, score_service, score_food, score_environment) values (254, '2017-02-05 13:35:45', 101, 42, 20, 10, 25);
insert ignore into reviews (id, date, id_customer, id_restaurant, score_service, score_food, score_environment) values (255, '2016-12-18 03:02:21', 25, 30, 30, 13, 19);
insert ignore into reviews (id, date, id_customer, id_restaurant, score_service, score_food, score_environment) values (256, '2017-07-01 21:16:41', 59, 22, 14, 8, 21);
insert ignore into reviews (id, date, id_customer, id_restaurant, score_service, score_food, score_environment) values (257, '2017-04-19 11:38:04', 471, 37, 3, 8, 23);
insert ignore into reviews (id, date, id_customer, id_restaurant, score_service, score_food, score_environment) values (258, '2017-04-09 19:50:52', 60, 16, 1, 8, 11);
insert ignore into reviews (id, date, id_customer, id_restaurant, score_service, score_food, score_environment) values (259, '2017-01-05 07:19:09', 90, 47, 22, 30, 2);
insert ignore into reviews (id, date, id_customer, id_restaurant, score_service, score_food, score_environment) values (260, '2017-11-11 11:32:39', 457, 45, 20, 3, 21);
insert ignore into reviews (id, date, id_customer, id_restaurant, score_service, score_food, score_environment) values (261, '2017-02-20 09:39:52', 469, 12, 23, 24, 29);
insert ignore into reviews (id, date, id_customer, id_restaurant, score_service, score_food, score_environment) values (262, '2016-12-25 19:42:43', 286, 8, 9, 10, 19);
insert ignore into reviews (id, date, id_customer, id_restaurant, score_service, score_food, score_environment) values (263, '2017-08-05 12:23:21', 327, 33, 14, 5, 22);
insert ignore into reviews (id, date, id_customer, id_restaurant, score_service, score_food, score_environment) values (264, '2017-01-26 23:01:21', 222, 38, 24, 9, 26);
insert ignore into reviews (id, date, id_customer, id_restaurant, score_service, score_food, score_environment) values (265, '2017-08-12 18:16:48', 6, 33, 6, 12, 19);
insert ignore into reviews (id, date, id_customer, id_restaurant, score_service, score_food, score_environment) values (266, '2017-04-24 16:51:14', 422, 46, 14, 30, 27);
insert ignore into reviews (id, date, id_customer, id_restaurant, score_service, score_food, score_environment) values (267, '2016-12-26 23:25:06', 326, 21, 7, 7, 22);
insert ignore into reviews (id, date, id_customer, id_restaurant, score_service, score_food, score_environment) values (268, '2017-01-14 03:11:23', 237, 17, 21, 26, 8);
insert ignore into reviews (id, date, id_customer, id_restaurant, score_service, score_food, score_environment) values (269, '2017-05-13 20:43:31', 330, 12, 20, 7, 28);
insert ignore into reviews (id, date, id_customer, id_restaurant, score_service, score_food, score_environment) values (270, '2017-08-29 08:22:15', 66, 26, 21, 14, 24);
insert ignore into reviews (id, date, id_customer, id_restaurant, score_service, score_food, score_environment) values (271, '2017-11-30 06:20:27', 28, 14, 12, 4, 17);
insert ignore into reviews (id, date, id_customer, id_restaurant, score_service, score_food, score_environment) values (272, '2017-03-13 05:14:14', 438, 22, 1, 30, 15);
insert ignore into reviews (id, date, id_customer, id_restaurant, score_service, score_food, score_environment) values (273, '2017-05-06 03:17:18', 393, 37, 13, 23, 16);
insert ignore into reviews (id, date, id_customer, id_restaurant, score_service, score_food, score_environment) values (274, '2017-09-02 23:25:29', 440, 11, 1, 12, 14);
insert ignore into reviews (id, date, id_customer, id_restaurant, score_service, score_food, score_environment) values (275, '2017-04-24 03:53:48', 123, 3, 26, 27, 15);
insert ignore into reviews (id, date, id_customer, id_restaurant, score_service, score_food, score_environment) values (276, '2017-10-16 19:48:15', 333, 23, 17, 30, 23);
insert ignore into reviews (id, date, id_customer, id_restaurant, score_service, score_food, score_environment) values (277, '2017-12-25 04:02:23', 295, 45, 25, 24, 18);
insert ignore into reviews (id, date, id_customer, id_restaurant, score_service, score_food, score_environment) values (278, '2017-09-20 09:01:21', 196, 28, 19, 25, 12);
insert ignore into reviews (id, date, id_customer, id_restaurant, score_service, score_food, score_environment) values (279, '2017-11-09 02:38:23', 106, 13, 21, 23, 6);
insert ignore into reviews (id, date, id_customer, id_restaurant, score_service, score_food, score_environment) values (280, '2017-04-09 18:27:56', 142, 21, 29, 9, 10);
insert ignore into reviews (id, date, id_customer, id_restaurant, score_service, score_food, score_environment) values (281, '2017-05-07 21:58:55', 6, 23, 10, 1, 3);
insert ignore into reviews (id, date, id_customer, id_restaurant, score_service, score_food, score_environment) values (282, '2017-09-08 03:40:31', 192, 16, 25, 8, 29);
insert ignore into reviews (id, date, id_customer, id_restaurant, score_service, score_food, score_environment) values (283, '2017-06-18 09:29:13', 346, 38, 16, 9, 2);
insert ignore into reviews (id, date, id_customer, id_restaurant, score_service, score_food, score_environment) values (284, '2017-04-16 11:01:34', 81, 18, 28, 18, 1);
insert ignore into reviews (id, date, id_customer, id_restaurant, score_service, score_food, score_environment) values (285, '2018-01-04 00:18:54', 421, 48, 10, 15, 8);
insert ignore into reviews (id, date, id_customer, id_restaurant, score_service, score_food, score_environment) values (286, '2017-05-30 03:53:39', 75, 30, 10, 14, 16);
insert ignore into reviews (id, date, id_customer, id_restaurant, score_service, score_food, score_environment) values (287, '2017-04-06 05:10:15', 198, 12, 6, 11, 20);
insert ignore into reviews (id, date, id_customer, id_restaurant, score_service, score_food, score_environment) values (288, '2017-02-23 00:01:37', 252, 15, 12, 20, 27);
insert ignore into reviews (id, date, id_customer, id_restaurant, score_service, score_food, score_environment) values (289, '2017-12-02 22:37:19', 490, 6, 3, 17, 17);
insert ignore into reviews (id, date, id_customer, id_restaurant, score_service, score_food, score_environment) values (290, '2017-08-02 09:39:28', 472, 45, 12, 20, 9);
insert ignore into reviews (id, date, id_customer, id_restaurant, score_service, score_food, score_environment) values (291, '2017-06-03 13:32:41', 482, 43, 25, 23, 21);
insert ignore into reviews (id, date, id_customer, id_restaurant, score_service, score_food, score_environment) values (292, '2017-01-20 13:08:22', 497, 49, 25, 6, 10);
insert ignore into reviews (id, date, id_customer, id_restaurant, score_service, score_food, score_environment) values (293, '2017-07-29 16:36:20', 68, 22, 12, 1, 24);
insert ignore into reviews (id, date, id_customer, id_restaurant, score_service, score_food, score_environment) values (294, '2017-01-25 13:58:06', 219, 17, 18, 20, 16);
insert ignore into reviews (id, date, id_customer, id_restaurant, score_service, score_food, score_environment) values (295, '2017-11-27 11:59:49', 92, 7, 3, 1, 9);
insert ignore into reviews (id, date, id_customer, id_restaurant, score_service, score_food, score_environment) values (296, '2017-05-24 03:39:51', 40, 11, 17, 28, 17);
insert ignore into reviews (id, date, id_customer, id_restaurant, score_service, score_food, score_environment) values (297, '2017-02-02 08:47:42', 352, 18, 19, 13, 26);
insert ignore into reviews (id, date, id_customer, id_restaurant, score_service, score_food, score_environment) values (298, '2016-12-18 05:54:42', 141, 23, 22, 12, 3);
insert ignore into reviews (id, date, id_customer, id_restaurant, score_service, score_food, score_environment) values (299, '2016-12-27 12:02:08', 65, 44, 10, 30, 6);
insert ignore into reviews (id, date, id_customer, id_restaurant, score_service, score_food, score_environment) values (300, '2017-10-15 18:05:06', 314, 7, 28, 21, 5);
insert ignore into reviews (id, date, id_customer, id_restaurant, score_service, score_food, score_environment) values (301, '2017-03-24 13:51:30', 375, 48, 4, 17, 1);
insert ignore into reviews (id, date, id_customer, id_restaurant, score_service, score_food, score_environment) values (302, '2017-06-14 16:53:00', 322, 21, 22, 30, 14);
insert ignore into reviews (id, date, id_customer, id_restaurant, score_service, score_food, score_environment) values (303, '2017-01-24 08:12:37', 500, 12, 3, 19, 4);
insert ignore into reviews (id, date, id_customer, id_restaurant, score_service, score_food, score_environment) values (304, '2017-10-30 00:21:54', 72, 20, 1, 11, 22);
insert ignore into reviews (id, date, id_customer, id_restaurant, score_service, score_food, score_environment) values (305, '2017-11-14 19:25:56', 190, 45, 17, 24, 29);
insert ignore into reviews (id, date, id_customer, id_restaurant, score_service, score_food, score_environment) values (306, '2017-05-27 05:45:46', 317, 6, 13, 17, 27);
insert ignore into reviews (id, date, id_customer, id_restaurant, score_service, score_food, score_environment) values (307, '2017-07-31 14:41:53', 377, 26, 22, 24, 21);
insert ignore into reviews (id, date, id_customer, id_restaurant, score_service, score_food, score_environment) values (308, '2017-02-19 11:07:25', 3, 44, 14, 28, 27);
insert ignore into reviews (id, date, id_customer, id_restaurant, score_service, score_food, score_environment) values (309, '2018-01-01 17:53:24', 180, 45, 4, 6, 28);
insert ignore into reviews (id, date, id_customer, id_restaurant, score_service, score_food, score_environment) values (310, '2017-01-25 05:51:09', 488, 5, 13, 8, 3);
insert ignore into reviews (id, date, id_customer, id_restaurant, score_service, score_food, score_environment) values (311, '2017-07-07 09:57:28', 104, 42, 24, 17, 24);
insert ignore into reviews (id, date, id_customer, id_restaurant, score_service, score_food, score_environment) values (312, '2017-08-06 03:40:35', 222, 14, 26, 24, 26);
insert ignore into reviews (id, date, id_customer, id_restaurant, score_service, score_food, score_environment) values (313, '2017-05-08 17:27:03', 328, 7, 19, 26, 13);
insert ignore into reviews (id, date, id_customer, id_restaurant, score_service, score_food, score_environment) values (314, '2017-12-03 05:31:23', 106, 38, 15, 29, 27);
insert ignore into reviews (id, date, id_customer, id_restaurant, score_service, score_food, score_environment) values (315, '2017-09-02 01:38:35', 10, 48, 7, 10, 19);
insert ignore into reviews (id, date, id_customer, id_restaurant, score_service, score_food, score_environment) values (316, '2017-11-17 07:07:22', 268, 28, 12, 8, 20);
insert ignore into reviews (id, date, id_customer, id_restaurant, score_service, score_food, score_environment) values (317, '2017-09-24 08:07:33', 267, 29, 24, 6, 5);
insert ignore into reviews (id, date, id_customer, id_restaurant, score_service, score_food, score_environment) values (318, '2017-12-23 13:22:59', 260, 40, 18, 18, 17);
insert ignore into reviews (id, date, id_customer, id_restaurant, score_service, score_food, score_environment) values (319, '2017-04-12 06:38:51', 296, 8, 28, 11, 25);
insert ignore into reviews (id, date, id_customer, id_restaurant, score_service, score_food, score_environment) values (320, '2017-12-01 21:09:49', 205, 12, 2, 24, 2);
insert ignore into reviews (id, date, id_customer, id_restaurant, score_service, score_food, score_environment) values (321, '2017-10-05 16:29:54', 82, 3, 3, 17, 25);
insert ignore into reviews (id, date, id_customer, id_restaurant, score_service, score_food, score_environment) values (322, '2017-06-03 23:09:16', 69, 9, 2, 9, 30);
insert ignore into reviews (id, date, id_customer, id_restaurant, score_service, score_food, score_environment) values (323, '2017-03-10 07:19:05', 8, 1, 27, 13, 4);
insert ignore into reviews (id, date, id_customer, id_restaurant, score_service, score_food, score_environment) values (324, '2016-12-17 15:04:34', 259, 42, 9, 2, 25);
insert ignore into reviews (id, date, id_customer, id_restaurant, score_service, score_food, score_environment) values (325, '2017-05-25 20:41:33', 215, 34, 30, 15, 3);
insert ignore into reviews (id, date, id_customer, id_restaurant, score_service, score_food, score_environment) values (326, '2017-11-30 19:02:23', 220, 49, 3, 12, 15);
insert ignore into reviews (id, date, id_customer, id_restaurant, score_service, score_food, score_environment) values (327, '2016-12-15 09:23:23', 79, 50, 5, 12, 5);
insert ignore into reviews (id, date, id_customer, id_restaurant, score_service, score_food, score_environment) values (328, '2017-01-13 11:38:34', 304, 45, 6, 18, 1);
insert ignore into reviews (id, date, id_customer, id_restaurant, score_service, score_food, score_environment) values (329, '2017-10-23 09:48:18', 327, 5, 4, 11, 7);
insert ignore into reviews (id, date, id_customer, id_restaurant, score_service, score_food, score_environment) values (330, '2017-04-29 15:57:58', 197, 7, 7, 9, 5);
insert ignore into reviews (id, date, id_customer, id_restaurant, score_service, score_food, score_environment) values (331, '2017-09-29 11:20:51', 421, 13, 26, 24, 17);
insert ignore into reviews (id, date, id_customer, id_restaurant, score_service, score_food, score_environment) values (332, '2017-05-23 05:06:40', 253, 44, 7, 7, 6);
insert ignore into reviews (id, date, id_customer, id_restaurant, score_service, score_food, score_environment) values (333, '2018-01-03 09:05:26', 76, 17, 21, 16, 29);
insert ignore into reviews (id, date, id_customer, id_restaurant, score_service, score_food, score_environment) values (334, '2017-04-04 10:59:52', 116, 4, 11, 26, 8);
insert ignore into reviews (id, date, id_customer, id_restaurant, score_service, score_food, score_environment) values (335, '2017-10-31 17:52:28', 166, 19, 14, 16, 25);
insert ignore into reviews (id, date, id_customer, id_restaurant, score_service, score_food, score_environment) values (336, '2017-07-05 10:24:03', 361, 25, 27, 8, 28);
insert ignore into reviews (id, date, id_customer, id_restaurant, score_service, score_food, score_environment) values (337, '2017-05-03 06:42:28', 139, 32, 17, 19, 13);
insert ignore into reviews (id, date, id_customer, id_restaurant, score_service, score_food, score_environment) values (338, '2017-05-16 22:33:27', 26, 36, 9, 15, 14);
insert ignore into reviews (id, date, id_customer, id_restaurant, score_service, score_food, score_environment) values (339, '2017-05-25 11:47:07', 10, 33, 7, 12, 15);
insert ignore into reviews (id, date, id_customer, id_restaurant, score_service, score_food, score_environment) values (340, '2017-10-26 02:07:12', 372, 8, 3, 5, 30);
insert ignore into reviews (id, date, id_customer, id_restaurant, score_service, score_food, score_environment) values (341, '2017-05-14 18:46:48', 63, 32, 27, 16, 1);
insert ignore into reviews (id, date, id_customer, id_restaurant, score_service, score_food, score_environment) values (342, '2017-04-22 11:13:44', 411, 2, 8, 12, 12);
insert ignore into reviews (id, date, id_customer, id_restaurant, score_service, score_food, score_environment) values (343, '2017-10-29 22:40:09', 202, 11, 24, 3, 13);
insert ignore into reviews (id, date, id_customer, id_restaurant, score_service, score_food, score_environment) values (344, '2016-12-19 09:23:19', 248, 1, 15, 15, 16);
insert ignore into reviews (id, date, id_customer, id_restaurant, score_service, score_food, score_environment) values (345, '2017-05-25 08:30:19', 171, 20, 27, 1, 14);
insert ignore into reviews (id, date, id_customer, id_restaurant, score_service, score_food, score_environment) values (346, '2017-05-01 15:10:22', 320, 23, 22, 30, 10);
insert ignore into reviews (id, date, id_customer, id_restaurant, score_service, score_food, score_environment) values (347, '2018-01-06 01:47:59', 270, 23, 22, 26, 30);
insert ignore into reviews (id, date, id_customer, id_restaurant, score_service, score_food, score_environment) values (348, '2017-03-01 07:06:54', 352, 32, 26, 2, 2);
insert ignore into reviews (id, date, id_customer, id_restaurant, score_service, score_food, score_environment) values (349, '2017-07-15 11:40:09', 283, 6, 1, 13, 23);
insert ignore into reviews (id, date, id_customer, id_restaurant, score_service, score_food, score_environment) values (350, '2017-08-19 12:10:40', 322, 39, 24, 23, 22);
insert ignore into reviews (id, date, id_customer, id_restaurant, score_service, score_food, score_environment) values (351, '2017-08-24 15:42:47', 471, 40, 9, 3, 27);
insert ignore into reviews (id, date, id_customer, id_restaurant, score_service, score_food, score_environment) values (352, '2017-12-19 21:33:25', 291, 12, 4, 5, 30);
insert ignore into reviews (id, date, id_customer, id_restaurant, score_service, score_food, score_environment) values (353, '2017-03-20 13:13:28', 80, 29, 6, 3, 6);
insert ignore into reviews (id, date, id_customer, id_restaurant, score_service, score_food, score_environment) values (354, '2017-04-18 20:08:43', 142, 24, 20, 6, 9);
insert ignore into reviews (id, date, id_customer, id_restaurant, score_service, score_food, score_environment) values (355, '2017-02-20 20:56:10', 466, 17, 16, 8, 17);
insert ignore into reviews (id, date, id_customer, id_restaurant, score_service, score_food, score_environment) values (356, '2017-09-02 02:47:18', 285, 36, 20, 16, 24);
insert ignore into reviews (id, date, id_customer, id_restaurant, score_service, score_food, score_environment) values (357, '2017-11-28 14:10:31', 309, 3, 7, 16, 4);
insert ignore into reviews (id, date, id_customer, id_restaurant, score_service, score_food, score_environment) values (358, '2017-04-18 15:48:30', 181, 16, 23, 9, 22);
insert ignore into reviews (id, date, id_customer, id_restaurant, score_service, score_food, score_environment) values (359, '2017-09-05 01:18:19', 381, 30, 3, 19, 17);
insert ignore into reviews (id, date, id_customer, id_restaurant, score_service, score_food, score_environment) values (360, '2017-08-03 19:51:08', 38, 16, 2, 6, 24);
insert ignore into reviews (id, date, id_customer, id_restaurant, score_service, score_food, score_environment) values (361, '2017-03-29 12:32:44', 121, 47, 15, 11, 15);
insert ignore into reviews (id, date, id_customer, id_restaurant, score_service, score_food, score_environment) values (362, '2017-06-26 07:34:35', 414, 41, 2, 11, 18);
insert ignore into reviews (id, date, id_customer, id_restaurant, score_service, score_food, score_environment) values (363, '2017-02-24 11:43:21', 287, 44, 3, 19, 17);
insert ignore into reviews (id, date, id_customer, id_restaurant, score_service, score_food, score_environment) values (364, '2017-07-01 19:58:18', 283, 31, 19, 13, 24);
insert ignore into reviews (id, date, id_customer, id_restaurant, score_service, score_food, score_environment) values (365, '2017-10-28 17:27:33', 143, 13, 1, 16, 15);
insert ignore into reviews (id, date, id_customer, id_restaurant, score_service, score_food, score_environment) values (366, '2017-08-09 19:38:30', 168, 38, 19, 6, 29);
insert ignore into reviews (id, date, id_customer, id_restaurant, score_service, score_food, score_environment) values (367, '2017-06-21 20:16:33', 232, 17, 15, 17, 23);
insert ignore into reviews (id, date, id_customer, id_restaurant, score_service, score_food, score_environment) values (368, '2017-06-21 02:55:35', 32, 38, 9, 12, 27);
insert ignore into reviews (id, date, id_customer, id_restaurant, score_service, score_food, score_environment) values (369, '2017-01-02 12:09:54', 490, 45, 18, 7, 15);
insert ignore into reviews (id, date, id_customer, id_restaurant, score_service, score_food, score_environment) values (370, '2017-02-02 16:58:01', 224, 26, 7, 27, 15);
insert ignore into reviews (id, date, id_customer, id_restaurant, score_service, score_food, score_environment) values (371, '2017-09-23 05:35:02', 489, 2, 8, 30, 4);
insert ignore into reviews (id, date, id_customer, id_restaurant, score_service, score_food, score_environment) values (372, '2017-07-13 12:16:23', 326, 20, 18, 12, 23);
insert ignore into reviews (id, date, id_customer, id_restaurant, score_service, score_food, score_environment) values (373, '2017-08-21 10:59:12', 22, 10, 28, 25, 9);
insert ignore into reviews (id, date, id_customer, id_restaurant, score_service, score_food, score_environment) values (374, '2017-04-21 17:03:12', 320, 27, 2, 7, 22);
insert ignore into reviews (id, date, id_customer, id_restaurant, score_service, score_food, score_environment) values (375, '2017-02-26 17:12:32', 10, 6, 21, 13, 8);
insert ignore into reviews (id, date, id_customer, id_restaurant, score_service, score_food, score_environment) values (376, '2017-05-30 00:38:25', 224, 17, 29, 10, 23);
insert ignore into reviews (id, date, id_customer, id_restaurant, score_service, score_food, score_environment) values (377, '2017-05-30 01:37:51', 136, 49, 2, 11, 19);
insert ignore into reviews (id, date, id_customer, id_restaurant, score_service, score_food, score_environment) values (378, '2017-02-24 15:56:47', 324, 32, 10, 21, 14);
insert ignore into reviews (id, date, id_customer, id_restaurant, score_service, score_food, score_environment) values (379, '2017-08-11 07:07:17', 264, 43, 30, 24, 19);
insert ignore into reviews (id, date, id_customer, id_restaurant, score_service, score_food, score_environment) values (380, '2017-09-03 20:11:53', 212, 10, 17, 22, 20);
insert ignore into reviews (id, date, id_customer, id_restaurant, score_service, score_food, score_environment) values (381, '2017-03-06 09:09:47', 117, 1, 8, 22, 1);
insert ignore into reviews (id, date, id_customer, id_restaurant, score_service, score_food, score_environment) values (382, '2017-10-03 19:21:07', 457, 48, 12, 8, 14);
insert ignore into reviews (id, date, id_customer, id_restaurant, score_service, score_food, score_environment) values (383, '2017-11-25 17:59:59', 3, 27, 30, 13, 28);
insert ignore into reviews (id, date, id_customer, id_restaurant, score_service, score_food, score_environment) values (384, '2017-04-03 01:25:41', 206, 4, 3, 3, 9);
insert ignore into reviews (id, date, id_customer, id_restaurant, score_service, score_food, score_environment) values (385, '2017-04-17 03:50:50', 30, 47, 30, 22, 10);
insert ignore into reviews (id, date, id_customer, id_restaurant, score_service, score_food, score_environment) values (386, '2017-05-05 22:42:57', 40, 44, 30, 4, 26);
insert ignore into reviews (id, date, id_customer, id_restaurant, score_service, score_food, score_environment) values (387, '2017-08-20 05:22:17', 426, 37, 19, 4, 20);
insert ignore into reviews (id, date, id_customer, id_restaurant, score_service, score_food, score_environment) values (388, '2017-01-22 21:51:16', 486, 18, 11, 24, 12);
insert ignore into reviews (id, date, id_customer, id_restaurant, score_service, score_food, score_environment) values (389, '2017-09-25 09:20:24', 425, 23, 22, 9, 29);
insert ignore into reviews (id, date, id_customer, id_restaurant, score_service, score_food, score_environment) values (390, '2017-02-13 17:28:28', 45, 26, 11, 29, 17);
insert ignore into reviews (id, date, id_customer, id_restaurant, score_service, score_food, score_environment) values (391, '2017-07-15 02:31:52', 450, 39, 5, 8, 25);
insert ignore into reviews (id, date, id_customer, id_restaurant, score_service, score_food, score_environment) values (392, '2017-05-11 13:57:36', 112, 40, 15, 20, 27);
insert ignore into reviews (id, date, id_customer, id_restaurant, score_service, score_food, score_environment) values (393, '2017-09-13 02:11:16', 445, 42, 8, 13, 2);
insert ignore into reviews (id, date, id_customer, id_restaurant, score_service, score_food, score_environment) values (394, '2017-01-27 20:31:06', 358, 25, 23, 17, 24);
insert ignore into reviews (id, date, id_customer, id_restaurant, score_service, score_food, score_environment) values (395, '2017-09-14 18:45:15', 481, 30, 14, 24, 1);
insert ignore into reviews (id, date, id_customer, id_restaurant, score_service, score_food, score_environment) values (396, '2016-12-27 16:59:44', 165, 36, 11, 27, 26);
insert ignore into reviews (id, date, id_customer, id_restaurant, score_service, score_food, score_environment) values (397, '2017-08-17 12:40:33', 202, 28, 26, 16, 28);
insert ignore into reviews (id, date, id_customer, id_restaurant, score_service, score_food, score_environment) values (398, '2017-07-07 12:46:42', 67, 6, 3, 12, 29);
insert ignore into reviews (id, date, id_customer, id_restaurant, score_service, score_food, score_environment) values (399, '2017-03-18 03:11:30', 92, 11, 26, 20, 15);
insert ignore into reviews (id, date, id_customer, id_restaurant, score_service, score_food, score_environment) values (400, '2017-06-15 23:34:38', 201, 45, 14, 5, 7);
insert ignore into reviews (id, date, id_customer, id_restaurant, score_service, score_food, score_environment) values (401, '2017-09-28 02:32:41', 219, 6, 9, 20, 30);
insert ignore into reviews (id, date, id_customer, id_restaurant, score_service, score_food, score_environment) values (402, '2017-12-19 05:26:33', 325, 39, 21, 26, 19);
insert ignore into reviews (id, date, id_customer, id_restaurant, score_service, score_food, score_environment) values (403, '2017-07-31 11:20:44', 368, 17, 24, 17, 17);
insert ignore into reviews (id, date, id_customer, id_restaurant, score_service, score_food, score_environment) values (404, '2017-08-09 17:08:18', 429, 9, 7, 26, 11);
insert ignore into reviews (id, date, id_customer, id_restaurant, score_service, score_food, score_environment) values (405, '2017-10-09 15:49:46', 294, 14, 9, 29, 24);
insert ignore into reviews (id, date, id_customer, id_restaurant, score_service, score_food, score_environment) values (406, '2017-09-29 17:32:53', 62, 38, 17, 12, 15);
insert ignore into reviews (id, date, id_customer, id_restaurant, score_service, score_food, score_environment) values (407, '2017-11-15 19:44:33', 207, 1, 23, 23, 30);
insert ignore into reviews (id, date, id_customer, id_restaurant, score_service, score_food, score_environment) values (408, '2017-12-06 22:51:36', 423, 50, 26, 24, 24);
insert ignore into reviews (id, date, id_customer, id_restaurant, score_service, score_food, score_environment) values (409, '2017-02-04 05:52:55', 349, 21, 30, 21, 19);
insert ignore into reviews (id, date, id_customer, id_restaurant, score_service, score_food, score_environment) values (410, '2017-08-10 07:05:42', 68, 23, 20, 7, 30);
insert ignore into reviews (id, date, id_customer, id_restaurant, score_service, score_food, score_environment) values (411, '2017-03-05 05:02:06', 425, 20, 15, 16, 5);
insert ignore into reviews (id, date, id_customer, id_restaurant, score_service, score_food, score_environment) values (412, '2017-11-20 23:28:49', 220, 36, 25, 9, 28);
insert ignore into reviews (id, date, id_customer, id_restaurant, score_service, score_food, score_environment) values (413, '2017-01-01 00:01:55', 457, 4, 4, 15, 2);
insert ignore into reviews (id, date, id_customer, id_restaurant, score_service, score_food, score_environment) values (414, '2017-10-14 15:07:48', 423, 48, 13, 19, 7);
insert ignore into reviews (id, date, id_customer, id_restaurant, score_service, score_food, score_environment) values (415, '2017-05-07 15:54:55', 187, 23, 8, 4, 15);
insert ignore into reviews (id, date, id_customer, id_restaurant, score_service, score_food, score_environment) values (416, '2017-03-17 07:10:55', 291, 21, 20, 15, 3);
insert ignore into reviews (id, date, id_customer, id_restaurant, score_service, score_food, score_environment) values (417, '2017-01-17 11:42:49', 416, 21, 29, 20, 14);
insert ignore into reviews (id, date, id_customer, id_restaurant, score_service, score_food, score_environment) values (418, '2017-02-23 22:37:53', 20, 7, 21, 1, 30);
insert ignore into reviews (id, date, id_customer, id_restaurant, score_service, score_food, score_environment) values (419, '2017-11-23 12:41:28', 226, 40, 28, 2, 29);
insert ignore into reviews (id, date, id_customer, id_restaurant, score_service, score_food, score_environment) values (420, '2017-12-01 16:40:13', 57, 17, 16, 21, 2);
insert ignore into reviews (id, date, id_customer, id_restaurant, score_service, score_food, score_environment) values (421, '2017-10-04 10:46:59', 292, 33, 15, 23, 22);
insert ignore into reviews (id, date, id_customer, id_restaurant, score_service, score_food, score_environment) values (422, '2017-05-03 14:17:16', 204, 14, 6, 30, 4);
insert ignore into reviews (id, date, id_customer, id_restaurant, score_service, score_food, score_environment) values (423, '2017-03-20 22:07:26', 139, 15, 18, 26, 12);
insert ignore into reviews (id, date, id_customer, id_restaurant, score_service, score_food, score_environment) values (424, '2017-04-11 15:30:05', 251, 11, 21, 1, 9);
insert ignore into reviews (id, date, id_customer, id_restaurant, score_service, score_food, score_environment) values (425, '2016-12-25 19:19:23', 237, 50, 10, 25, 9);
insert ignore into reviews (id, date, id_customer, id_restaurant, score_service, score_food, score_environment) values (426, '2017-03-26 16:54:35', 461, 23, 17, 14, 10);
insert ignore into reviews (id, date, id_customer, id_restaurant, score_service, score_food, score_environment) values (427, '2017-10-22 15:25:05', 366, 37, 1, 2, 16);
insert ignore into reviews (id, date, id_customer, id_restaurant, score_service, score_food, score_environment) values (428, '2016-12-09 01:28:21', 354, 12, 9, 19, 22);
insert ignore into reviews (id, date, id_customer, id_restaurant, score_service, score_food, score_environment) values (429, '2017-09-17 10:58:06', 469, 20, 22, 26, 24);
insert ignore into reviews (id, date, id_customer, id_restaurant, score_service, score_food, score_environment) values (430, '2017-06-03 02:08:35', 319, 49, 15, 16, 4);
insert ignore into reviews (id, date, id_customer, id_restaurant, score_service, score_food, score_environment) values (431, '2017-12-27 00:40:48', 36, 25, 18, 26, 7);
insert ignore into reviews (id, date, id_customer, id_restaurant, score_service, score_food, score_environment) values (432, '2017-07-31 12:37:43', 58, 34, 19, 7, 29);
insert ignore into reviews (id, date, id_customer, id_restaurant, score_service, score_food, score_environment) values (433, '2017-08-24 07:43:12', 478, 22, 13, 28, 12);
insert ignore into reviews (id, date, id_customer, id_restaurant, score_service, score_food, score_environment) values (434, '2017-01-09 14:24:34', 136, 34, 15, 13, 21);
insert ignore into reviews (id, date, id_customer, id_restaurant, score_service, score_food, score_environment) values (435, '2017-11-05 18:22:29', 4, 50, 16, 26, 16);
insert ignore into reviews (id, date, id_customer, id_restaurant, score_service, score_food, score_environment) values (436, '2017-11-10 23:08:21', 488, 7, 3, 8, 14);
insert ignore into reviews (id, date, id_customer, id_restaurant, score_service, score_food, score_environment) values (437, '2017-03-02 02:42:57', 106, 31, 23, 21, 5);
insert ignore into reviews (id, date, id_customer, id_restaurant, score_service, score_food, score_environment) values (438, '2017-04-29 18:23:16', 242, 13, 26, 13, 10);
insert ignore into reviews (id, date, id_customer, id_restaurant, score_service, score_food, score_environment) values (439, '2017-07-27 09:25:01', 150, 9, 20, 2, 11);
insert ignore into reviews (id, date, id_customer, id_restaurant, score_service, score_food, score_environment) values (440, '2017-10-05 03:43:39', 390, 20, 3, 24, 22);
insert ignore into reviews (id, date, id_customer, id_restaurant, score_service, score_food, score_environment) values (441, '2017-05-30 15:53:00', 201, 44, 12, 9, 23);
insert ignore into reviews (id, date, id_customer, id_restaurant, score_service, score_food, score_environment) values (442, '2017-12-14 21:19:58', 36, 2, 3, 2, 19);
insert ignore into reviews (id, date, id_customer, id_restaurant, score_service, score_food, score_environment) values (443, '2016-12-23 12:53:05', 82, 35, 1, 29, 21);
insert ignore into reviews (id, date, id_customer, id_restaurant, score_service, score_food, score_environment) values (444, '2017-11-04 11:04:55', 450, 24, 10, 18, 13);
insert ignore into reviews (id, date, id_customer, id_restaurant, score_service, score_food, score_environment) values (445, '2017-03-01 08:33:03', 125, 41, 27, 14, 27);
insert ignore into reviews (id, date, id_customer, id_restaurant, score_service, score_food, score_environment) values (446, '2017-11-05 23:26:31', 360, 34, 23, 9, 7);
insert ignore into reviews (id, date, id_customer, id_restaurant, score_service, score_food, score_environment) values (447, '2017-09-08 18:36:08', 222, 30, 19, 1, 13);
insert ignore into reviews (id, date, id_customer, id_restaurant, score_service, score_food, score_environment) values (448, '2017-09-10 04:58:40', 220, 31, 29, 27, 10);
insert ignore into reviews (id, date, id_customer, id_restaurant, score_service, score_food, score_environment) values (449, '2017-07-11 14:15:30', 166, 31, 20, 26, 16);
insert ignore into reviews (id, date, id_customer, id_restaurant, score_service, score_food, score_environment) values (450, '2017-05-03 10:03:25', 295, 43, 30, 25, 2);
insert ignore into reviews (id, date, id_customer, id_restaurant, score_service, score_food, score_environment) values (451, '2017-09-21 07:55:58', 50, 37, 27, 20, 30);
insert ignore into reviews (id, date, id_customer, id_restaurant, score_service, score_food, score_environment) values (452, '2017-04-30 23:03:49', 479, 35, 14, 9, 23);
insert ignore into reviews (id, date, id_customer, id_restaurant, score_service, score_food, score_environment) values (453, '2017-07-21 00:02:55', 102, 20, 20, 3, 21);
insert ignore into reviews (id, date, id_customer, id_restaurant, score_service, score_food, score_environment) values (454, '2017-09-11 12:02:37', 47, 32, 21, 14, 18);
insert ignore into reviews (id, date, id_customer, id_restaurant, score_service, score_food, score_environment) values (455, '2017-01-02 08:15:53', 163, 46, 13, 29, 24);
insert ignore into reviews (id, date, id_customer, id_restaurant, score_service, score_food, score_environment) values (456, '2017-07-30 14:18:40', 453, 22, 16, 29, 22);
insert ignore into reviews (id, date, id_customer, id_restaurant, score_service, score_food, score_environment) values (457, '2017-01-12 04:22:38', 99, 10, 10, 25, 30);
insert ignore into reviews (id, date, id_customer, id_restaurant, score_service, score_food, score_environment) values (458, '2017-02-07 23:44:45', 197, 36, 12, 10, 22);
insert ignore into reviews (id, date, id_customer, id_restaurant, score_service, score_food, score_environment) values (459, '2017-12-19 12:44:23', 384, 48, 17, 6, 26);
insert ignore into reviews (id, date, id_customer, id_restaurant, score_service, score_food, score_environment) values (460, '2017-05-29 21:57:19', 156, 36, 27, 11, 10);
insert ignore into reviews (id, date, id_customer, id_restaurant, score_service, score_food, score_environment) values (461, '2017-05-31 21:02:19', 180, 39, 7, 13, 27);
insert ignore into reviews (id, date, id_customer, id_restaurant, score_service, score_food, score_environment) values (462, '2017-04-20 05:03:06', 494, 50, 2, 27, 4);
insert ignore into reviews (id, date, id_customer, id_restaurant, score_service, score_food, score_environment) values (463, '2017-04-19 10:46:14', 400, 19, 16, 7, 10);
insert ignore into reviews (id, date, id_customer, id_restaurant, score_service, score_food, score_environment) values (464, '2017-01-12 17:24:37', 328, 11, 11, 18, 24);
insert ignore into reviews (id, date, id_customer, id_restaurant, score_service, score_food, score_environment) values (465, '2017-02-20 13:19:20', 269, 8, 5, 17, 25);
insert ignore into reviews (id, date, id_customer, id_restaurant, score_service, score_food, score_environment) values (466, '2017-03-25 13:48:10', 492, 27, 17, 25, 12);
insert ignore into reviews (id, date, id_customer, id_restaurant, score_service, score_food, score_environment) values (467, '2017-12-05 07:53:55', 243, 16, 20, 19, 9);
insert ignore into reviews (id, date, id_customer, id_restaurant, score_service, score_food, score_environment) values (468, '2017-03-15 21:29:50', 223, 48, 22, 12, 10);
insert ignore into reviews (id, date, id_customer, id_restaurant, score_service, score_food, score_environment) values (469, '2017-02-12 11:52:13', 130, 26, 4, 5, 26);
insert ignore into reviews (id, date, id_customer, id_restaurant, score_service, score_food, score_environment) values (470, '2017-07-06 09:40:17', 381, 29, 5, 6, 13);
insert ignore into reviews (id, date, id_customer, id_restaurant, score_service, score_food, score_environment) values (471, '2017-09-07 04:49:25', 126, 39, 1, 4, 24);
insert ignore into reviews (id, date, id_customer, id_restaurant, score_service, score_food, score_environment) values (472, '2017-07-15 06:06:33', 314, 33, 14, 7, 10);
insert ignore into reviews (id, date, id_customer, id_restaurant, score_service, score_food, score_environment) values (473, '2017-01-16 19:51:24', 364, 5, 7, 25, 22);
insert ignore into reviews (id, date, id_customer, id_restaurant, score_service, score_food, score_environment) values (474, '2017-10-27 09:49:51', 97, 9, 13, 5, 24);
insert ignore into reviews (id, date, id_customer, id_restaurant, score_service, score_food, score_environment) values (475, '2017-02-02 04:19:02', 92, 42, 8, 9, 10);
insert ignore into reviews (id, date, id_customer, id_restaurant, score_service, score_food, score_environment) values (476, '2017-08-28 18:40:23', 370, 26, 25, 27, 11);
insert ignore into reviews (id, date, id_customer, id_restaurant, score_service, score_food, score_environment) values (477, '2017-01-02 12:52:49', 209, 21, 6, 29, 15);
insert ignore into reviews (id, date, id_customer, id_restaurant, score_service, score_food, score_environment) values (478, '2016-12-15 04:48:18', 311, 3, 25, 23, 13);
insert ignore into reviews (id, date, id_customer, id_restaurant, score_service, score_food, score_environment) values (479, '2017-04-26 20:58:29', 152, 16, 20, 21, 13);
insert ignore into reviews (id, date, id_customer, id_restaurant, score_service, score_food, score_environment) values (480, '2017-08-20 23:02:55', 263, 42, 13, 27, 14);
insert ignore into reviews (id, date, id_customer, id_restaurant, score_service, score_food, score_environment) values (481, '2017-06-05 17:47:05', 51, 6, 9, 2, 21);
insert ignore into reviews (id, date, id_customer, id_restaurant, score_service, score_food, score_environment) values (482, '2017-05-13 12:22:40', 245, 17, 18, 29, 6);
insert ignore into reviews (id, date, id_customer, id_restaurant, score_service, score_food, score_environment) values (483, '2017-01-20 12:31:15', 159, 28, 2, 26, 29);
insert ignore into reviews (id, date, id_customer, id_restaurant, score_service, score_food, score_environment) values (484, '2017-05-26 01:00:53', 265, 17, 22, 6, 25);
insert ignore into reviews (id, date, id_customer, id_restaurant, score_service, score_food, score_environment) values (485, '2017-02-26 12:11:49', 169, 29, 29, 28, 4);
insert ignore into reviews (id, date, id_customer, id_restaurant, score_service, score_food, score_environment) values (486, '2017-05-19 17:08:54', 31, 30, 24, 24, 10);
insert ignore into reviews (id, date, id_customer, id_restaurant, score_service, score_food, score_environment) values (487, '2017-09-26 16:12:39', 202, 8, 10, 11, 12);
insert ignore into reviews (id, date, id_customer, id_restaurant, score_service, score_food, score_environment) values (488, '2017-01-18 14:37:13', 216, 31, 29, 10, 26);
insert ignore into reviews (id, date, id_customer, id_restaurant, score_service, score_food, score_environment) values (489, '2017-07-06 17:34:19', 436, 36, 15, 7, 20);
insert ignore into reviews (id, date, id_customer, id_restaurant, score_service, score_food, score_environment) values (490, '2017-12-16 09:34:24', 254, 25, 3, 23, 2);
insert ignore into reviews (id, date, id_customer, id_restaurant, score_service, score_food, score_environment) values (491, '2017-06-16 19:44:47', 126, 5, 28, 2, 23);
insert ignore into reviews (id, date, id_customer, id_restaurant, score_service, score_food, score_environment) values (492, '2017-10-08 15:39:08', 431, 30, 10, 26, 15);
insert ignore into reviews (id, date, id_customer, id_restaurant, score_service, score_food, score_environment) values (493, '2018-01-03 02:05:28', 163, 25, 28, 5, 1);
insert ignore into reviews (id, date, id_customer, id_restaurant, score_service, score_food, score_environment) values (494, '2016-12-27 21:56:00', 350, 2, 29, 5, 18);
insert ignore into reviews (id, date, id_customer, id_restaurant, score_service, score_food, score_environment) values (495, '2017-05-10 18:51:43', 52, 34, 26, 5, 16);
insert ignore into reviews (id, date, id_customer, id_restaurant, score_service, score_food, score_environment) values (496, '2016-12-08 18:32:57', 330, 8, 16, 7, 4);
insert ignore into reviews (id, date, id_customer, id_restaurant, score_service, score_food, score_environment) values (497, '2017-01-12 05:24:45', 134, 36, 2, 14, 3);
insert ignore into reviews (id, date, id_customer, id_restaurant, score_service, score_food, score_environment) values (498, '2017-06-27 06:31:49', 118, 37, 14, 20, 21);
insert ignore into reviews (id, date, id_customer, id_restaurant, score_service, score_food, score_environment) values (499, '2017-02-03 22:17:20', 496, 9, 15, 18, 11);
insert ignore into reviews (id, date, id_customer, id_restaurant, score_service, score_food, score_environment) values (500, '2017-01-11 00:05:46', 32, 11, 2, 14, 17);
insert ignore into reviews (id, date, id_customer, id_restaurant, score_service, score_food, score_environment) values (501, '2017-02-25 08:26:49', 411, 38, 29, 22, 26);
insert ignore into reviews (id, date, id_customer, id_restaurant, score_service, score_food, score_environment) values (502, '2017-10-04 04:56:04', 270, 44, 12, 15, 9);
insert ignore into reviews (id, date, id_customer, id_restaurant, score_service, score_food, score_environment) values (503, '2017-10-22 21:38:23', 259, 27, 13, 8, 25);
insert ignore into reviews (id, date, id_customer, id_restaurant, score_service, score_food, score_environment) values (504, '2017-02-22 23:38:53', 349, 41, 1, 4, 6);
insert ignore into reviews (id, date, id_customer, id_restaurant, score_service, score_food, score_environment) values (505, '2016-12-21 20:53:20', 105, 7, 22, 10, 27);
insert ignore into reviews (id, date, id_customer, id_restaurant, score_service, score_food, score_environment) values (506, '2017-04-27 08:59:51', 208, 12, 18, 1, 3);
insert ignore into reviews (id, date, id_customer, id_restaurant, score_service, score_food, score_environment) values (507, '2017-07-11 16:55:26', 353, 46, 14, 7, 2);
insert ignore into reviews (id, date, id_customer, id_restaurant, score_service, score_food, score_environment) values (508, '2017-11-03 01:10:44', 158, 7, 23, 4, 18);
insert ignore into reviews (id, date, id_customer, id_restaurant, score_service, score_food, score_environment) values (509, '2017-01-30 13:15:21', 313, 6, 25, 26, 15);
insert ignore into reviews (id, date, id_customer, id_restaurant, score_service, score_food, score_environment) values (510, '2017-11-11 18:01:08', 464, 41, 13, 18, 18);
insert ignore into reviews (id, date, id_customer, id_restaurant, score_service, score_food, score_environment) values (511, '2017-05-22 02:47:00', 343, 19, 13, 29, 18);
insert ignore into reviews (id, date, id_customer, id_restaurant, score_service, score_food, score_environment) values (512, '2017-07-11 19:12:38', 47, 44, 29, 30, 29);
insert ignore into reviews (id, date, id_customer, id_restaurant, score_service, score_food, score_environment) values (513, '2017-07-01 06:08:35', 408, 11, 15, 30, 2);
insert ignore into reviews (id, date, id_customer, id_restaurant, score_service, score_food, score_environment) values (514, '2017-10-27 16:07:06', 476, 8, 28, 5, 14);
insert ignore into reviews (id, date, id_customer, id_restaurant, score_service, score_food, score_environment) values (515, '2017-02-28 23:39:53', 281, 47, 12, 17, 22);
insert ignore into reviews (id, date, id_customer, id_restaurant, score_service, score_food, score_environment) values (516, '2017-02-24 02:03:16', 308, 11, 23, 25, 3);
insert ignore into reviews (id, date, id_customer, id_restaurant, score_service, score_food, score_environment) values (517, '2017-02-01 03:50:27', 320, 18, 19, 8, 29);
insert ignore into reviews (id, date, id_customer, id_restaurant, score_service, score_food, score_environment) values (518, '2017-01-04 20:04:35', 110, 50, 6, 21, 6);
insert ignore into reviews (id, date, id_customer, id_restaurant, score_service, score_food, score_environment) values (519, '2017-02-23 16:14:44', 287, 42, 8, 25, 25);
insert ignore into reviews (id, date, id_customer, id_restaurant, score_service, score_food, score_environment) values (520, '2017-09-29 23:55:04', 167, 31, 27, 23, 15);
insert ignore into reviews (id, date, id_customer, id_restaurant, score_service, score_food, score_environment) values (521, '2017-11-27 08:01:10', 286, 12, 10, 6, 20);
insert ignore into reviews (id, date, id_customer, id_restaurant, score_service, score_food, score_environment) values (522, '2017-10-12 23:19:26', 140, 11, 17, 13, 4);
insert ignore into reviews (id, date, id_customer, id_restaurant, score_service, score_food, score_environment) values (523, '2017-10-23 00:50:55', 408, 43, 7, 3, 29);
insert ignore into reviews (id, date, id_customer, id_restaurant, score_service, score_food, score_environment) values (524, '2016-12-23 10:06:48', 410, 44, 22, 16, 27);
insert ignore into reviews (id, date, id_customer, id_restaurant, score_service, score_food, score_environment) values (525, '2017-04-11 03:37:38', 289, 21, 7, 15, 21);
insert ignore into reviews (id, date, id_customer, id_restaurant, score_service, score_food, score_environment) values (526, '2017-04-28 10:28:26', 106, 29, 15, 22, 26);
insert ignore into reviews (id, date, id_customer, id_restaurant, score_service, score_food, score_environment) values (527, '2017-11-22 01:32:13', 372, 8, 30, 1, 19);
insert ignore into reviews (id, date, id_customer, id_restaurant, score_service, score_food, score_environment) values (528, '2017-06-04 01:42:29', 259, 4, 4, 6, 9);
insert ignore into reviews (id, date, id_customer, id_restaurant, score_service, score_food, score_environment) values (529, '2017-03-29 12:18:52', 25, 8, 5, 23, 20);
insert ignore into reviews (id, date, id_customer, id_restaurant, score_service, score_food, score_environment) values (530, '2017-02-02 02:14:14', 357, 28, 8, 10, 16);
insert ignore into reviews (id, date, id_customer, id_restaurant, score_service, score_food, score_environment) values (531, '2016-12-25 05:15:51', 95, 9, 4, 6, 14);
insert ignore into reviews (id, date, id_customer, id_restaurant, score_service, score_food, score_environment) values (532, '2017-07-04 22:09:55', 483, 28, 26, 20, 1);
insert ignore into reviews (id, date, id_customer, id_restaurant, score_service, score_food, score_environment) values (533, '2017-01-21 12:46:08', 273, 23, 7, 19, 4);
insert ignore into reviews (id, date, id_customer, id_restaurant, score_service, score_food, score_environment) values (534, '2017-02-20 16:49:36', 10, 37, 28, 29, 15);
insert ignore into reviews (id, date, id_customer, id_restaurant, score_service, score_food, score_environment) values (535, '2017-11-30 13:35:00', 446, 41, 11, 15, 20);
insert ignore into reviews (id, date, id_customer, id_restaurant, score_service, score_food, score_environment) values (536, '2017-08-01 01:55:45', 33, 5, 30, 6, 8);
insert ignore into reviews (id, date, id_customer, id_restaurant, score_service, score_food, score_environment) values (537, '2017-04-11 13:26:51', 230, 34, 23, 20, 10);
insert ignore into reviews (id, date, id_customer, id_restaurant, score_service, score_food, score_environment) values (538, '2017-01-16 22:13:57', 176, 47, 14, 3, 19);
insert ignore into reviews (id, date, id_customer, id_restaurant, score_service, score_food, score_environment) values (539, '2017-12-05 02:09:21', 254, 1, 18, 18, 28);
insert ignore into reviews (id, date, id_customer, id_restaurant, score_service, score_food, score_environment) values (540, '2017-01-24 06:04:48', 252, 9, 20, 4, 16);
insert ignore into reviews (id, date, id_customer, id_restaurant, score_service, score_food, score_environment) values (541, '2017-07-09 14:33:28', 371, 31, 22, 18, 25);
insert ignore into reviews (id, date, id_customer, id_restaurant, score_service, score_food, score_environment) values (542, '2017-08-16 14:12:57', 129, 9, 5, 12, 4);
insert ignore into reviews (id, date, id_customer, id_restaurant, score_service, score_food, score_environment) values (543, '2017-08-20 05:30:49', 194, 32, 10, 10, 19);
insert ignore into reviews (id, date, id_customer, id_restaurant, score_service, score_food, score_environment) values (544, '2017-07-08 07:05:11', 342, 9, 12, 16, 12);
insert ignore into reviews (id, date, id_customer, id_restaurant, score_service, score_food, score_environment) values (545, '2017-08-26 20:14:37', 125, 44, 10, 16, 16);
insert ignore into reviews (id, date, id_customer, id_restaurant, score_service, score_food, score_environment) values (546, '2017-05-23 02:09:14', 141, 17, 4, 22, 15);
insert ignore into reviews (id, date, id_customer, id_restaurant, score_service, score_food, score_environment) values (547, '2017-12-13 16:29:54', 493, 30, 23, 30, 18);
insert ignore into reviews (id, date, id_customer, id_restaurant, score_service, score_food, score_environment) values (548, '2017-09-26 00:56:55', 354, 5, 6, 4, 9);
insert ignore into reviews (id, date, id_customer, id_restaurant, score_service, score_food, score_environment) values (549, '2017-05-07 22:24:52', 134, 23, 10, 8, 9);
insert ignore into reviews (id, date, id_customer, id_restaurant, score_service, score_food, score_environment) values (550, '2017-01-25 22:27:43', 193, 37, 28, 26, 19);
insert ignore into reviews (id, date, id_customer, id_restaurant, score_service, score_food, score_environment) values (551, '2017-11-05 11:28:08', 341, 20, 21, 15, 19);
insert ignore into reviews (id, date, id_customer, id_restaurant, score_service, score_food, score_environment) values (552, '2017-06-28 21:08:07', 71, 17, 24, 14, 15);
insert ignore into reviews (id, date, id_customer, id_restaurant, score_service, score_food, score_environment) values (553, '2017-07-29 05:34:35', 214, 3, 24, 13, 28);
insert ignore into reviews (id, date, id_customer, id_restaurant, score_service, score_food, score_environment) values (554, '2017-04-15 09:50:48', 67, 8, 18, 8, 26);
insert ignore into reviews (id, date, id_customer, id_restaurant, score_service, score_food, score_environment) values (555, '2017-11-13 20:59:37', 102, 7, 10, 12, 23);
insert ignore into reviews (id, date, id_customer, id_restaurant, score_service, score_food, score_environment) values (556, '2017-04-07 10:45:41', 440, 16, 8, 8, 27);
insert ignore into reviews (id, date, id_customer, id_restaurant, score_service, score_food, score_environment) values (557, '2016-12-20 12:31:44', 386, 27, 25, 13, 30);
insert ignore into reviews (id, date, id_customer, id_restaurant, score_service, score_food, score_environment) values (558, '2017-11-23 05:35:40', 66, 28, 10, 29, 25);
insert ignore into reviews (id, date, id_customer, id_restaurant, score_service, score_food, score_environment) values (559, '2017-02-08 01:01:14', 366, 45, 29, 17, 30);
insert ignore into reviews (id, date, id_customer, id_restaurant, score_service, score_food, score_environment) values (560, '2016-12-11 00:53:44', 290, 43, 15, 5, 4);
insert ignore into reviews (id, date, id_customer, id_restaurant, score_service, score_food, score_environment) values (561, '2017-12-06 22:48:41', 243, 50, 9, 16, 13);
insert ignore into reviews (id, date, id_customer, id_restaurant, score_service, score_food, score_environment) values (562, '2017-10-09 13:40:07', 474, 33, 17, 24, 6);
insert ignore into reviews (id, date, id_customer, id_restaurant, score_service, score_food, score_environment) values (563, '2017-08-02 12:07:10', 445, 42, 13, 29, 8);
insert ignore into reviews (id, date, id_customer, id_restaurant, score_service, score_food, score_environment) values (564, '2017-12-12 06:29:42', 342, 18, 30, 26, 13);
insert ignore into reviews (id, date, id_customer, id_restaurant, score_service, score_food, score_environment) values (565, '2016-12-21 03:57:14', 135, 12, 5, 22, 8);
insert ignore into reviews (id, date, id_customer, id_restaurant, score_service, score_food, score_environment) values (566, '2016-12-29 11:20:05', 226, 36, 13, 6, 25);
insert ignore into reviews (id, date, id_customer, id_restaurant, score_service, score_food, score_environment) values (567, '2017-02-03 14:51:55', 355, 3, 24, 10, 19);
insert ignore into reviews (id, date, id_customer, id_restaurant, score_service, score_food, score_environment) values (568, '2017-01-23 09:38:39', 420, 12, 1, 29, 2);
insert ignore into reviews (id, date, id_customer, id_restaurant, score_service, score_food, score_environment) values (569, '2017-09-06 23:58:08', 286, 3, 25, 23, 4);
insert ignore into reviews (id, date, id_customer, id_restaurant, score_service, score_food, score_environment) values (570, '2017-05-23 02:03:49', 51, 41, 27, 23, 19);
insert ignore into reviews (id, date, id_customer, id_restaurant, score_service, score_food, score_environment) values (571, '2017-12-01 15:49:48', 481, 24, 24, 16, 12);
insert ignore into reviews (id, date, id_customer, id_restaurant, score_service, score_food, score_environment) values (572, '2017-07-17 14:02:17', 303, 28, 4, 18, 28);
insert ignore into reviews (id, date, id_customer, id_restaurant, score_service, score_food, score_environment) values (573, '2017-07-01 11:55:00', 35, 18, 22, 20, 25);
insert ignore into reviews (id, date, id_customer, id_restaurant, score_service, score_food, score_environment) values (574, '2017-08-16 05:04:17', 370, 47, 27, 2, 7);
insert ignore into reviews (id, date, id_customer, id_restaurant, score_service, score_food, score_environment) values (575, '2017-06-19 13:14:14', 61, 10, 11, 11, 18);
insert ignore into reviews (id, date, id_customer, id_restaurant, score_service, score_food, score_environment) values (576, '2017-08-10 03:38:18', 283, 45, 6, 24, 26);
insert ignore into reviews (id, date, id_customer, id_restaurant, score_service, score_food, score_environment) values (577, '2017-11-09 07:49:55', 446, 28, 11, 4, 28);
insert ignore into reviews (id, date, id_customer, id_restaurant, score_service, score_food, score_environment) values (578, '2017-08-05 22:31:44', 163, 45, 6, 24, 28);
insert ignore into reviews (id, date, id_customer, id_restaurant, score_service, score_food, score_environment) values (579, '2017-02-21 16:01:41', 63, 3, 20, 3, 8);
insert ignore into reviews (id, date, id_customer, id_restaurant, score_service, score_food, score_environment) values (580, '2017-10-29 08:51:53', 29, 47, 12, 8, 17);
insert ignore into reviews (id, date, id_customer, id_restaurant, score_service, score_food, score_environment) values (581, '2017-10-18 14:06:40', 134, 50, 29, 5, 21);
insert ignore into reviews (id, date, id_customer, id_restaurant, score_service, score_food, score_environment) values (582, '2017-10-18 06:59:36', 428, 44, 11, 2, 16);
insert ignore into reviews (id, date, id_customer, id_restaurant, score_service, score_food, score_environment) values (583, '2017-02-28 15:26:20', 191, 15, 10, 11, 22);
insert ignore into reviews (id, date, id_customer, id_restaurant, score_service, score_food, score_environment) values (584, '2017-12-17 11:51:39', 311, 37, 8, 29, 29);
insert ignore into reviews (id, date, id_customer, id_restaurant, score_service, score_food, score_environment) values (585, '2017-11-28 22:21:36', 196, 2, 24, 16, 1);
insert ignore into reviews (id, date, id_customer, id_restaurant, score_service, score_food, score_environment) values (586, '2017-04-03 02:46:56', 353, 32, 10, 29, 19);
insert ignore into reviews (id, date, id_customer, id_restaurant, score_service, score_food, score_environment) values (587, '2017-04-16 16:19:36', 65, 26, 29, 29, 8);
insert ignore into reviews (id, date, id_customer, id_restaurant, score_service, score_food, score_environment) values (588, '2017-02-02 13:50:23', 76, 31, 16, 9, 30);
insert ignore into reviews (id, date, id_customer, id_restaurant, score_service, score_food, score_environment) values (589, '2017-06-16 11:56:36', 95, 7, 22, 2, 16);
insert ignore into reviews (id, date, id_customer, id_restaurant, score_service, score_food, score_environment) values (590, '2017-10-21 04:07:50', 347, 30, 6, 27, 6);
insert ignore into reviews (id, date, id_customer, id_restaurant, score_service, score_food, score_environment) values (591, '2017-07-03 12:25:13', 199, 43, 4, 19, 7);
insert ignore into reviews (id, date, id_customer, id_restaurant, score_service, score_food, score_environment) values (592, '2017-02-24 06:09:20', 120, 46, 28, 10, 5);
insert ignore into reviews (id, date, id_customer, id_restaurant, score_service, score_food, score_environment) values (593, '2017-12-22 08:27:19', 307, 14, 24, 14, 16);
insert ignore into reviews (id, date, id_customer, id_restaurant, score_service, score_food, score_environment) values (594, '2017-10-08 16:57:04', 66, 18, 14, 23, 17);
insert ignore into reviews (id, date, id_customer, id_restaurant, score_service, score_food, score_environment) values (595, '2017-09-04 04:03:42', 142, 22, 27, 29, 17);
insert ignore into reviews (id, date, id_customer, id_restaurant, score_service, score_food, score_environment) values (596, '2017-01-21 06:47:40', 376, 8, 18, 8, 1);
insert ignore into reviews (id, date, id_customer, id_restaurant, score_service, score_food, score_environment) values (597, '2017-07-14 15:47:56', 487, 15, 18, 11, 13);
insert ignore into reviews (id, date, id_customer, id_restaurant, score_service, score_food, score_environment) values (598, '2017-03-27 02:14:02', 124, 19, 13, 27, 18);
insert ignore into reviews (id, date, id_customer, id_restaurant, score_service, score_food, score_environment) values (599, '2017-11-26 07:50:00', 162, 10, 24, 22, 22);
insert ignore into reviews (id, date, id_customer, id_restaurant, score_service, score_food, score_environment) values (600, '2017-06-20 23:16:55', 135, 16, 9, 30, 8);
insert ignore into reviews (id, date, id_customer, id_restaurant, score_service, score_food, score_environment) values (601, '2017-10-27 01:55:05', 144, 15, 29, 30, 12);
insert ignore into reviews (id, date, id_customer, id_restaurant, score_service, score_food, score_environment) values (602, '2017-07-16 10:47:14', 180, 31, 11, 25, 3);
insert ignore into reviews (id, date, id_customer, id_restaurant, score_service, score_food, score_environment) values (603, '2017-03-12 01:24:58', 439, 46, 29, 14, 17);
insert ignore into reviews (id, date, id_customer, id_restaurant, score_service, score_food, score_environment) values (604, '2017-03-29 04:44:42', 156, 30, 30, 29, 14);
insert ignore into reviews (id, date, id_customer, id_restaurant, score_service, score_food, score_environment) values (605, '2017-07-03 22:19:57', 110, 4, 23, 17, 16);
insert ignore into reviews (id, date, id_customer, id_restaurant, score_service, score_food, score_environment) values (606, '2017-07-21 00:46:36', 241, 28, 29, 30, 14);
insert ignore into reviews (id, date, id_customer, id_restaurant, score_service, score_food, score_environment) values (607, '2017-12-08 20:22:17', 414, 24, 12, 4, 4);
insert ignore into reviews (id, date, id_customer, id_restaurant, score_service, score_food, score_environment) values (608, '2017-11-22 07:15:00', 417, 24, 17, 8, 12);
insert ignore into reviews (id, date, id_customer, id_restaurant, score_service, score_food, score_environment) values (609, '2017-08-26 06:34:31', 395, 25, 10, 25, 7);
insert ignore into reviews (id, date, id_customer, id_restaurant, score_service, score_food, score_environment) values (610, '2017-09-19 21:24:54', 353, 8, 17, 2, 17);
insert ignore into reviews (id, date, id_customer, id_restaurant, score_service, score_food, score_environment) values (611, '2017-10-13 23:15:29', 145, 26, 22, 8, 17);
insert ignore into reviews (id, date, id_customer, id_restaurant, score_service, score_food, score_environment) values (612, '2017-07-28 22:25:52', 495, 34, 30, 4, 18);
insert ignore into reviews (id, date, id_customer, id_restaurant, score_service, score_food, score_environment) values (613, '2017-11-27 13:19:35', 457, 38, 4, 2, 2);
insert ignore into reviews (id, date, id_customer, id_restaurant, score_service, score_food, score_environment) values (614, '2017-01-22 11:34:54', 272, 50, 26, 2, 22);
insert ignore into reviews (id, date, id_customer, id_restaurant, score_service, score_food, score_environment) values (615, '2017-06-02 23:38:05', 109, 11, 30, 21, 18);
insert ignore into reviews (id, date, id_customer, id_restaurant, score_service, score_food, score_environment) values (616, '2017-08-15 13:51:35', 145, 15, 29, 29, 12);
insert ignore into reviews (id, date, id_customer, id_restaurant, score_service, score_food, score_environment) values (617, '2017-03-02 03:36:59', 485, 32, 25, 20, 5);
insert ignore into reviews (id, date, id_customer, id_restaurant, score_service, score_food, score_environment) values (618, '2017-02-25 08:38:21', 3, 43, 5, 29, 4);
insert ignore into reviews (id, date, id_customer, id_restaurant, score_service, score_food, score_environment) values (619, '2016-12-10 17:42:10', 319, 10, 1, 4, 13);
insert ignore into reviews (id, date, id_customer, id_restaurant, score_service, score_food, score_environment) values (620, '2017-12-16 02:40:39', 423, 46, 17, 26, 4);
insert ignore into reviews (id, date, id_customer, id_restaurant, score_service, score_food, score_environment) values (621, '2017-08-26 15:52:27', 13, 17, 17, 23, 26);
insert ignore into reviews (id, date, id_customer, id_restaurant, score_service, score_food, score_environment) values (622, '2017-08-16 08:57:43', 110, 39, 24, 17, 28);
insert ignore into reviews (id, date, id_customer, id_restaurant, score_service, score_food, score_environment) values (623, '2018-01-04 09:16:56', 263, 22, 4, 7, 25);
insert ignore into reviews (id, date, id_customer, id_restaurant, score_service, score_food, score_environment) values (624, '2017-02-23 10:57:20', 462, 17, 1, 26, 23);
insert ignore into reviews (id, date, id_customer, id_restaurant, score_service, score_food, score_environment) values (625, '2017-12-19 07:46:12', 95, 30, 30, 20, 5);
insert ignore into reviews (id, date, id_customer, id_restaurant, score_service, score_food, score_environment) values (626, '2017-04-23 23:07:39', 272, 48, 29, 13, 16);
insert ignore into reviews (id, date, id_customer, id_restaurant, score_service, score_food, score_environment) values (627, '2017-06-27 20:52:35', 493, 39, 25, 17, 6);
insert ignore into reviews (id, date, id_customer, id_restaurant, score_service, score_food, score_environment) values (628, '2017-06-07 18:40:16', 88, 3, 30, 5, 22);
insert ignore into reviews (id, date, id_customer, id_restaurant, score_service, score_food, score_environment) values (629, '2017-07-22 14:42:11', 286, 38, 24, 7, 18);
insert ignore into reviews (id, date, id_customer, id_restaurant, score_service, score_food, score_environment) values (630, '2016-12-08 14:40:50', 96, 36, 12, 18, 9);
insert ignore into reviews (id, date, id_customer, id_restaurant, score_service, score_food, score_environment) values (631, '2017-01-08 15:55:11', 367, 39, 27, 22, 26);
insert ignore into reviews (id, date, id_customer, id_restaurant, score_service, score_food, score_environment) values (632, '2017-05-15 00:39:55', 407, 29, 5, 26, 22);
insert ignore into reviews (id, date, id_customer, id_restaurant, score_service, score_food, score_environment) values (633, '2017-06-10 15:58:31', 267, 29, 5, 24, 10);
insert ignore into reviews (id, date, id_customer, id_restaurant, score_service, score_food, score_environment) values (634, '2017-04-26 07:30:56', 208, 35, 13, 27, 3);
insert ignore into reviews (id, date, id_customer, id_restaurant, score_service, score_food, score_environment) values (635, '2017-08-15 08:30:44', 331, 9, 29, 29, 11);
insert ignore into reviews (id, date, id_customer, id_restaurant, score_service, score_food, score_environment) values (636, '2017-07-06 08:20:39', 481, 26, 7, 15, 27);
insert ignore into reviews (id, date, id_customer, id_restaurant, score_service, score_food, score_environment) values (637, '2017-03-10 18:11:59', 323, 26, 20, 18, 6);
insert ignore into reviews (id, date, id_customer, id_restaurant, score_service, score_food, score_environment) values (638, '2017-04-10 16:19:27', 81, 19, 28, 11, 24);
insert ignore into reviews (id, date, id_customer, id_restaurant, score_service, score_food, score_environment) values (639, '2017-06-02 01:08:33', 72, 13, 9, 5, 27);
insert ignore into reviews (id, date, id_customer, id_restaurant, score_service, score_food, score_environment) values (640, '2018-01-06 01:20:26', 240, 30, 20, 1, 26);
insert ignore into reviews (id, date, id_customer, id_restaurant, score_service, score_food, score_environment) values (641, '2017-04-13 10:22:27', 231, 41, 27, 12, 3);
insert ignore into reviews (id, date, id_customer, id_restaurant, score_service, score_food, score_environment) values (642, '2017-08-10 21:52:41', 419, 27, 29, 20, 14);
insert ignore into reviews (id, date, id_customer, id_restaurant, score_service, score_food, score_environment) values (643, '2017-11-03 07:34:22', 302, 1, 30, 15, 8);
insert ignore into reviews (id, date, id_customer, id_restaurant, score_service, score_food, score_environment) values (644, '2017-01-15 02:04:17', 240, 2, 16, 24, 21);
insert ignore into reviews (id, date, id_customer, id_restaurant, score_service, score_food, score_environment) values (645, '2017-02-27 19:36:42', 70, 22, 13, 25, 17);
insert ignore into reviews (id, date, id_customer, id_restaurant, score_service, score_food, score_environment) values (646, '2017-08-12 04:37:12', 118, 50, 26, 30, 24);
insert ignore into reviews (id, date, id_customer, id_restaurant, score_service, score_food, score_environment) values (647, '2016-12-31 11:05:26', 190, 24, 17, 8, 24);
insert ignore into reviews (id, date, id_customer, id_restaurant, score_service, score_food, score_environment) values (648, '2017-11-07 09:06:14', 348, 46, 18, 12, 5);
insert ignore into reviews (id, date, id_customer, id_restaurant, score_service, score_food, score_environment) values (649, '2017-03-26 12:35:34', 31, 45, 1, 16, 13);
insert ignore into reviews (id, date, id_customer, id_restaurant, score_service, score_food, score_environment) values (650, '2017-12-03 02:31:49', 89, 34, 4, 8, 26);
insert ignore into reviews (id, date, id_customer, id_restaurant, score_service, score_food, score_environment) values (651, '2017-01-12 23:53:29', 258, 17, 10, 28, 19);
insert ignore into reviews (id, date, id_customer, id_restaurant, score_service, score_food, score_environment) values (652, '2017-07-28 18:14:22', 97, 11, 26, 11, 6);
insert ignore into reviews (id, date, id_customer, id_restaurant, score_service, score_food, score_environment) values (653, '2017-02-13 13:32:04', 25, 20, 16, 1, 29);
insert ignore into reviews (id, date, id_customer, id_restaurant, score_service, score_food, score_environment) values (654, '2017-01-18 22:26:28', 284, 32, 20, 21, 5);
insert ignore into reviews (id, date, id_customer, id_restaurant, score_service, score_food, score_environment) values (655, '2017-10-19 06:09:50', 168, 19, 22, 2, 20);
insert ignore into reviews (id, date, id_customer, id_restaurant, score_service, score_food, score_environment) values (656, '2017-01-12 07:08:54', 93, 9, 17, 25, 5);
insert ignore into reviews (id, date, id_customer, id_restaurant, score_service, score_food, score_environment) values (657, '2017-06-09 03:46:59', 170, 22, 10, 29, 6);
insert ignore into reviews (id, date, id_customer, id_restaurant, score_service, score_food, score_environment) values (658, '2017-02-06 11:26:59', 261, 8, 11, 22, 16);
insert ignore into reviews (id, date, id_customer, id_restaurant, score_service, score_food, score_environment) values (659, '2017-06-07 08:07:53', 227, 29, 12, 11, 27);
insert ignore into reviews (id, date, id_customer, id_restaurant, score_service, score_food, score_environment) values (660, '2017-02-22 12:58:14', 431, 3, 25, 13, 16);
insert ignore into reviews (id, date, id_customer, id_restaurant, score_service, score_food, score_environment) values (661, '2017-11-19 02:46:30', 474, 8, 18, 27, 13);
insert ignore into reviews (id, date, id_customer, id_restaurant, score_service, score_food, score_environment) values (662, '2017-11-28 19:49:23', 443, 44, 3, 27, 8);
insert ignore into reviews (id, date, id_customer, id_restaurant, score_service, score_food, score_environment) values (663, '2017-09-09 00:35:37', 120, 44, 4, 19, 13);
insert ignore into reviews (id, date, id_customer, id_restaurant, score_service, score_food, score_environment) values (664, '2017-05-23 16:54:54', 26, 39, 17, 13, 13);
insert ignore into reviews (id, date, id_customer, id_restaurant, score_service, score_food, score_environment) values (665, '2017-04-15 12:07:25', 93, 36, 24, 8, 10);
insert ignore into reviews (id, date, id_customer, id_restaurant, score_service, score_food, score_environment) values (666, '2017-12-02 00:07:33', 465, 3, 7, 24, 23);
insert ignore into reviews (id, date, id_customer, id_restaurant, score_service, score_food, score_environment) values (667, '2017-10-22 21:02:00', 475, 9, 17, 16, 23);
insert ignore into reviews (id, date, id_customer, id_restaurant, score_service, score_food, score_environment) values (668, '2017-02-21 02:14:18', 332, 41, 20, 1, 6);
insert ignore into reviews (id, date, id_customer, id_restaurant, score_service, score_food, score_environment) values (669, '2017-02-17 18:36:24', 68, 34, 7, 7, 30);
insert ignore into reviews (id, date, id_customer, id_restaurant, score_service, score_food, score_environment) values (670, '2017-11-21 00:04:29', 113, 48, 1, 23, 3);
insert ignore into reviews (id, date, id_customer, id_restaurant, score_service, score_food, score_environment) values (671, '2017-05-24 23:27:29', 115, 8, 30, 21, 15);
insert ignore into reviews (id, date, id_customer, id_restaurant, score_service, score_food, score_environment) values (672, '2017-12-08 20:52:02', 357, 42, 8, 15, 10);
insert ignore into reviews (id, date, id_customer, id_restaurant, score_service, score_food, score_environment) values (673, '2017-01-20 14:13:29', 319, 18, 2, 5, 28);
insert ignore into reviews (id, date, id_customer, id_restaurant, score_service, score_food, score_environment) values (674, '2016-12-12 16:13:28', 309, 38, 14, 15, 14);
insert ignore into reviews (id, date, id_customer, id_restaurant, score_service, score_food, score_environment) values (675, '2017-11-25 20:04:24', 340, 11, 5, 10, 9);
insert ignore into reviews (id, date, id_customer, id_restaurant, score_service, score_food, score_environment) values (676, '2017-07-16 23:06:56', 288, 5, 3, 24, 11);
insert ignore into reviews (id, date, id_customer, id_restaurant, score_service, score_food, score_environment) values (677, '2017-06-15 22:53:00', 311, 1, 24, 10, 4);
insert ignore into reviews (id, date, id_customer, id_restaurant, score_service, score_food, score_environment) values (678, '2017-10-17 11:00:00', 146, 39, 11, 8, 21);
insert ignore into reviews (id, date, id_customer, id_restaurant, score_service, score_food, score_environment) values (679, '2017-07-21 07:26:55', 116, 4, 14, 15, 30);
insert ignore into reviews (id, date, id_customer, id_restaurant, score_service, score_food, score_environment) values (680, '2017-11-17 06:04:15', 133, 14, 11, 27, 12);
insert ignore into reviews (id, date, id_customer, id_restaurant, score_service, score_food, score_environment) values (681, '2017-08-01 15:29:15', 196, 27, 17, 7, 17);
insert ignore into reviews (id, date, id_customer, id_restaurant, score_service, score_food, score_environment) values (682, '2017-03-12 16:19:44', 100, 2, 18, 2, 7);
insert ignore into reviews (id, date, id_customer, id_restaurant, score_service, score_food, score_environment) values (683, '2017-01-12 22:35:09', 118, 27, 30, 3, 12);
insert ignore into reviews (id, date, id_customer, id_restaurant, score_service, score_food, score_environment) values (684, '2017-03-20 07:22:13', 179, 17, 18, 6, 11);
insert ignore into reviews (id, date, id_customer, id_restaurant, score_service, score_food, score_environment) values (685, '2017-07-04 17:49:16', 484, 9, 27, 17, 22);
insert ignore into reviews (id, date, id_customer, id_restaurant, score_service, score_food, score_environment) values (686, '2017-04-20 05:53:34', 250, 33, 10, 7, 30);
insert ignore into reviews (id, date, id_customer, id_restaurant, score_service, score_food, score_environment) values (687, '2017-01-30 16:35:26', 423, 50, 5, 3, 25);
insert ignore into reviews (id, date, id_customer, id_restaurant, score_service, score_food, score_environment) values (688, '2017-02-02 10:59:36', 438, 48, 1, 18, 25);
insert ignore into reviews (id, date, id_customer, id_restaurant, score_service, score_food, score_environment) values (689, '2017-09-30 05:56:41', 139, 11, 6, 20, 10);
insert ignore into reviews (id, date, id_customer, id_restaurant, score_service, score_food, score_environment) values (690, '2017-12-04 13:03:25', 189, 28, 29, 10, 6);
insert ignore into reviews (id, date, id_customer, id_restaurant, score_service, score_food, score_environment) values (691, '2017-12-31 07:13:54', 24, 38, 3, 26, 6);
insert ignore into reviews (id, date, id_customer, id_restaurant, score_service, score_food, score_environment) values (692, '2017-11-18 07:39:46', 292, 33, 1, 17, 29);
insert ignore into reviews (id, date, id_customer, id_restaurant, score_service, score_food, score_environment) values (693, '2017-04-10 15:13:36', 400, 33, 21, 24, 25);
insert ignore into reviews (id, date, id_customer, id_restaurant, score_service, score_food, score_environment) values (694, '2017-12-01 20:25:24', 88, 13, 21, 2, 28);
insert ignore into reviews (id, date, id_customer, id_restaurant, score_service, score_food, score_environment) values (695, '2017-05-17 02:36:24', 485, 16, 24, 12, 8);
insert ignore into reviews (id, date, id_customer, id_restaurant, score_service, score_food, score_environment) values (696, '2017-11-11 07:54:11', 122, 41, 18, 11, 8);
insert ignore into reviews (id, date, id_customer, id_restaurant, score_service, score_food, score_environment) values (697, '2017-06-16 10:40:46', 443, 29, 15, 27, 5);
insert ignore into reviews (id, date, id_customer, id_restaurant, score_service, score_food, score_environment) values (698, '2017-05-16 05:31:52', 357, 11, 5, 16, 5);
insert ignore into reviews (id, date, id_customer, id_restaurant, score_service, score_food, score_environment) values (699, '2017-03-31 13:48:36', 249, 41, 22, 24, 8);
insert ignore into reviews (id, date, id_customer, id_restaurant, score_service, score_food, score_environment) values (700, '2017-08-10 16:00:04', 76, 33, 25, 14, 7);
insert ignore into reviews (id, date, id_customer, id_restaurant, score_service, score_food, score_environment) values (701, '2017-05-23 15:33:43', 62, 24, 18, 5, 17);
insert ignore into reviews (id, date, id_customer, id_restaurant, score_service, score_food, score_environment) values (702, '2017-04-23 23:26:42', 125, 32, 22, 2, 26);
insert ignore into reviews (id, date, id_customer, id_restaurant, score_service, score_food, score_environment) values (703, '2017-09-21 16:37:36', 128, 3, 28, 29, 11);
insert ignore into reviews (id, date, id_customer, id_restaurant, score_service, score_food, score_environment) values (704, '2017-06-09 16:43:14', 17, 45, 24, 1, 5);
insert ignore into reviews (id, date, id_customer, id_restaurant, score_service, score_food, score_environment) values (705, '2017-07-11 05:30:58', 467, 20, 28, 23, 6);
insert ignore into reviews (id, date, id_customer, id_restaurant, score_service, score_food, score_environment) values (706, '2017-01-26 20:54:39', 272, 3, 8, 15, 16);
insert ignore into reviews (id, date, id_customer, id_restaurant, score_service, score_food, score_environment) values (707, '2017-01-28 05:10:16', 47, 30, 17, 11, 22);
insert ignore into reviews (id, date, id_customer, id_restaurant, score_service, score_food, score_environment) values (708, '2017-03-04 18:04:21', 342, 39, 15, 6, 23);
insert ignore into reviews (id, date, id_customer, id_restaurant, score_service, score_food, score_environment) values (709, '2017-04-04 17:23:26', 21, 45, 3, 18, 30);
insert ignore into reviews (id, date, id_customer, id_restaurant, score_service, score_food, score_environment) values (710, '2017-03-14 02:36:27', 333, 3, 11, 25, 5);
insert ignore into reviews (id, date, id_customer, id_restaurant, score_service, score_food, score_environment) values (711, '2017-06-08 21:50:19', 157, 27, 18, 23, 19);
insert ignore into reviews (id, date, id_customer, id_restaurant, score_service, score_food, score_environment) values (712, '2017-01-20 09:06:46', 275, 34, 6, 14, 9);
insert ignore into reviews (id, date, id_customer, id_restaurant, score_service, score_food, score_environment) values (713, '2017-11-03 07:34:14', 126, 44, 12, 11, 22);
insert ignore into reviews (id, date, id_customer, id_restaurant, score_service, score_food, score_environment) values (714, '2017-02-03 07:43:40', 344, 4, 1, 29, 1);
insert ignore into reviews (id, date, id_customer, id_restaurant, score_service, score_food, score_environment) values (715, '2017-02-22 10:45:27', 473, 24, 22, 13, 3);
insert ignore into reviews (id, date, id_customer, id_restaurant, score_service, score_food, score_environment) values (716, '2017-03-08 14:36:26', 190, 3, 16, 14, 21);
insert ignore into reviews (id, date, id_customer, id_restaurant, score_service, score_food, score_environment) values (717, '2017-09-20 04:37:36', 92, 8, 17, 8, 1);
insert ignore into reviews (id, date, id_customer, id_restaurant, score_service, score_food, score_environment) values (718, '2016-12-14 15:00:15', 498, 18, 3, 8, 25);
insert ignore into reviews (id, date, id_customer, id_restaurant, score_service, score_food, score_environment) values (719, '2017-12-16 16:31:31', 313, 2, 2, 26, 10);
insert ignore into reviews (id, date, id_customer, id_restaurant, score_service, score_food, score_environment) values (720, '2017-09-22 01:59:56', 281, 32, 22, 11, 19);
insert ignore into reviews (id, date, id_customer, id_restaurant, score_service, score_food, score_environment) values (721, '2017-11-14 16:59:55', 205, 45, 26, 12, 10);
insert ignore into reviews (id, date, id_customer, id_restaurant, score_service, score_food, score_environment) values (722, '2017-08-03 01:31:55', 131, 34, 29, 22, 10);
insert ignore into reviews (id, date, id_customer, id_restaurant, score_service, score_food, score_environment) values (723, '2017-06-19 02:47:31', 403, 50, 7, 9, 9);
insert ignore into reviews (id, date, id_customer, id_restaurant, score_service, score_food, score_environment) values (724, '2017-07-19 14:44:50', 484, 8, 29, 20, 14);
insert ignore into reviews (id, date, id_customer, id_restaurant, score_service, score_food, score_environment) values (725, '2017-07-14 13:45:04', 404, 16, 15, 12, 20);
insert ignore into reviews (id, date, id_customer, id_restaurant, score_service, score_food, score_environment) values (726, '2017-12-15 01:10:45', 159, 45, 18, 26, 22);
insert ignore into reviews (id, date, id_customer, id_restaurant, score_service, score_food, score_environment) values (727, '2017-06-23 20:20:27', 31, 38, 24, 24, 4);
insert ignore into reviews (id, date, id_customer, id_restaurant, score_service, score_food, score_environment) values (728, '2017-01-13 17:00:03', 311, 27, 4, 7, 21);
insert ignore into reviews (id, date, id_customer, id_restaurant, score_service, score_food, score_environment) values (729, '2017-10-01 08:18:38', 341, 4, 25, 29, 16);
insert ignore into reviews (id, date, id_customer, id_restaurant, score_service, score_food, score_environment) values (730, '2017-03-05 18:30:56', 96, 47, 28, 23, 19);
insert ignore into reviews (id, date, id_customer, id_restaurant, score_service, score_food, score_environment) values (731, '2017-04-06 13:41:39', 314, 14, 8, 1, 9);
insert ignore into reviews (id, date, id_customer, id_restaurant, score_service, score_food, score_environment) values (732, '2017-11-22 00:10:59', 437, 42, 20, 19, 6);
insert ignore into reviews (id, date, id_customer, id_restaurant, score_service, score_food, score_environment) values (733, '2017-09-10 12:58:25', 96, 24, 17, 4, 14);
insert ignore into reviews (id, date, id_customer, id_restaurant, score_service, score_food, score_environment) values (734, '2017-07-06 12:08:02', 57, 45, 16, 10, 16);
insert ignore into reviews (id, date, id_customer, id_restaurant, score_service, score_food, score_environment) values (735, '2017-01-05 01:48:03', 305, 13, 14, 18, 17);
insert ignore into reviews (id, date, id_customer, id_restaurant, score_service, score_food, score_environment) values (736, '2016-12-13 20:46:03', 73, 27, 24, 10, 30);
insert ignore into reviews (id, date, id_customer, id_restaurant, score_service, score_food, score_environment) values (737, '2017-05-04 02:25:11', 254, 26, 26, 20, 22);
insert ignore into reviews (id, date, id_customer, id_restaurant, score_service, score_food, score_environment) values (738, '2016-12-23 09:20:00', 183, 7, 26, 10, 26);
insert ignore into reviews (id, date, id_customer, id_restaurant, score_service, score_food, score_environment) values (739, '2017-02-25 16:23:45', 228, 5, 11, 18, 14);
insert ignore into reviews (id, date, id_customer, id_restaurant, score_service, score_food, score_environment) values (740, '2017-08-07 10:00:42', 244, 17, 18, 3, 1);
insert ignore into reviews (id, date, id_customer, id_restaurant, score_service, score_food, score_environment) values (741, '2017-06-06 21:01:35', 222, 1, 22, 8, 4);
insert ignore into reviews (id, date, id_customer, id_restaurant, score_service, score_food, score_environment) values (742, '2017-11-18 18:31:14', 346, 8, 12, 27, 3);
insert ignore into reviews (id, date, id_customer, id_restaurant, score_service, score_food, score_environment) values (743, '2017-03-10 23:10:39', 269, 11, 28, 13, 6);
insert ignore into reviews (id, date, id_customer, id_restaurant, score_service, score_food, score_environment) values (744, '2017-08-23 09:56:42', 299, 50, 25, 9, 29);
insert ignore into reviews (id, date, id_customer, id_restaurant, score_service, score_food, score_environment) values (745, '2017-01-30 13:41:47', 74, 49, 24, 1, 16);
insert ignore into reviews (id, date, id_customer, id_restaurant, score_service, score_food, score_environment) values (746, '2017-05-04 23:28:28', 163, 17, 19, 8, 19);
insert ignore into reviews (id, date, id_customer, id_restaurant, score_service, score_food, score_environment) values (747, '2017-02-07 15:33:50', 206, 5, 25, 3, 19);
insert ignore into reviews (id, date, id_customer, id_restaurant, score_service, score_food, score_environment) values (748, '2017-11-03 21:19:37', 190, 41, 20, 21, 14);
insert ignore into reviews (id, date, id_customer, id_restaurant, score_service, score_food, score_environment) values (749, '2017-11-12 20:38:06', 65, 31, 8, 29, 11);
insert ignore into reviews (id, date, id_customer, id_restaurant, score_service, score_food, score_environment) values (750, '2017-12-04 14:26:03', 298, 12, 18, 3, 11);
insert ignore into reviews (id, date, id_customer, id_restaurant, score_service, score_food, score_environment) values (751, '2017-04-15 09:21:37', 329, 49, 1, 8, 11);
insert ignore into reviews (id, date, id_customer, id_restaurant, score_service, score_food, score_environment) values (752, '2017-10-17 03:01:16', 249, 26, 8, 23, 4);
insert ignore into reviews (id, date, id_customer, id_restaurant, score_service, score_food, score_environment) values (753, '2017-07-25 17:59:30', 391, 3, 18, 17, 23);
insert ignore into reviews (id, date, id_customer, id_restaurant, score_service, score_food, score_environment) values (754, '2017-11-19 20:17:46', 14, 6, 10, 28, 25);
insert ignore into reviews (id, date, id_customer, id_restaurant, score_service, score_food, score_environment) values (755, '2017-08-16 16:27:41', 294, 45, 12, 8, 4);
insert ignore into reviews (id, date, id_customer, id_restaurant, score_service, score_food, score_environment) values (756, '2017-05-02 09:30:51', 176, 20, 25, 4, 9);
insert ignore into reviews (id, date, id_customer, id_restaurant, score_service, score_food, score_environment) values (757, '2017-10-01 10:36:40', 230, 28, 21, 14, 28);
insert ignore into reviews (id, date, id_customer, id_restaurant, score_service, score_food, score_environment) values (758, '2017-07-26 14:17:01', 367, 22, 12, 15, 29);
insert ignore into reviews (id, date, id_customer, id_restaurant, score_service, score_food, score_environment) values (759, '2017-12-03 20:14:41', 271, 23, 5, 14, 23);
insert ignore into reviews (id, date, id_customer, id_restaurant, score_service, score_food, score_environment) values (760, '2017-11-29 17:20:59', 331, 27, 14, 17, 19);
insert ignore into reviews (id, date, id_customer, id_restaurant, score_service, score_food, score_environment) values (761, '2017-05-29 16:03:10', 20, 29, 11, 23, 4);
insert ignore into reviews (id, date, id_customer, id_restaurant, score_service, score_food, score_environment) values (762, '2017-01-13 15:35:05', 493, 10, 6, 22, 21);
insert ignore into reviews (id, date, id_customer, id_restaurant, score_service, score_food, score_environment) values (763, '2017-02-04 01:58:37', 319, 33, 14, 15, 28);
insert ignore into reviews (id, date, id_customer, id_restaurant, score_service, score_food, score_environment) values (764, '2018-01-06 22:29:16', 56, 39, 10, 26, 17);
insert ignore into reviews (id, date, id_customer, id_restaurant, score_service, score_food, score_environment) values (765, '2017-09-14 02:54:02', 79, 44, 8, 18, 6);
insert ignore into reviews (id, date, id_customer, id_restaurant, score_service, score_food, score_environment) values (766, '2017-03-12 16:45:03', 102, 27, 4, 3, 25);
insert ignore into reviews (id, date, id_customer, id_restaurant, score_service, score_food, score_environment) values (767, '2017-03-07 19:33:17', 318, 36, 28, 2, 2);
insert ignore into reviews (id, date, id_customer, id_restaurant, score_service, score_food, score_environment) values (768, '2017-02-01 13:30:30', 51, 50, 15, 12, 14);
insert ignore into reviews (id, date, id_customer, id_restaurant, score_service, score_food, score_environment) values (769, '2017-10-11 03:15:16', 53, 6, 10, 26, 23);
insert ignore into reviews (id, date, id_customer, id_restaurant, score_service, score_food, score_environment) values (770, '2017-09-11 03:53:39', 257, 50, 4, 23, 24);
insert ignore into reviews (id, date, id_customer, id_restaurant, score_service, score_food, score_environment) values (771, '2017-11-11 12:15:27', 318, 48, 21, 10, 14);
insert ignore into reviews (id, date, id_customer, id_restaurant, score_service, score_food, score_environment) values (772, '2017-03-08 18:23:06', 292, 26, 23, 3, 9);
insert ignore into reviews (id, date, id_customer, id_restaurant, score_service, score_food, score_environment) values (773, '2017-03-08 19:46:33', 227, 26, 22, 17, 18);
insert ignore into reviews (id, date, id_customer, id_restaurant, score_service, score_food, score_environment) values (774, '2017-03-09 19:03:27', 205, 7, 26, 23, 12);
insert ignore into reviews (id, date, id_customer, id_restaurant, score_service, score_food, score_environment) values (775, '2017-02-10 09:24:29', 290, 18, 22, 17, 17);
insert ignore into reviews (id, date, id_customer, id_restaurant, score_service, score_food, score_environment) values (776, '2016-12-27 22:28:23', 112, 49, 24, 3, 1);
insert ignore into reviews (id, date, id_customer, id_restaurant, score_service, score_food, score_environment) values (777, '2017-03-03 05:20:58', 224, 13, 15, 9, 14);
insert ignore into reviews (id, date, id_customer, id_restaurant, score_service, score_food, score_environment) values (778, '2017-02-14 23:14:59', 318, 14, 3, 12, 11);
insert ignore into reviews (id, date, id_customer, id_restaurant, score_service, score_food, score_environment) values (779, '2017-03-31 03:40:48', 446, 28, 23, 26, 30);
insert ignore into reviews (id, date, id_customer, id_restaurant, score_service, score_food, score_environment) values (780, '2017-07-04 03:10:50', 163, 45, 29, 30, 5);
insert ignore into reviews (id, date, id_customer, id_restaurant, score_service, score_food, score_environment) values (781, '2017-09-02 07:45:57', 326, 28, 30, 25, 11);
insert ignore into reviews (id, date, id_customer, id_restaurant, score_service, score_food, score_environment) values (782, '2017-11-02 11:21:22', 53, 8, 26, 3, 26);
insert ignore into reviews (id, date, id_customer, id_restaurant, score_service, score_food, score_environment) values (783, '2017-07-21 20:43:16', 3, 6, 26, 11, 15);
insert ignore into reviews (id, date, id_customer, id_restaurant, score_service, score_food, score_environment) values (784, '2017-08-17 01:04:49', 39, 42, 19, 19, 15);
insert ignore into reviews (id, date, id_customer, id_restaurant, score_service, score_food, score_environment) values (785, '2017-12-30 00:35:52', 418, 7, 30, 16, 13);
insert ignore into reviews (id, date, id_customer, id_restaurant, score_service, score_food, score_environment) values (786, '2017-07-13 03:15:40', 217, 48, 7, 30, 20);
insert ignore into reviews (id, date, id_customer, id_restaurant, score_service, score_food, score_environment) values (787, '2017-12-17 08:22:31', 206, 18, 27, 17, 6);
insert ignore into reviews (id, date, id_customer, id_restaurant, score_service, score_food, score_environment) values (788, '2017-01-29 07:39:00', 80, 32, 11, 25, 15);
insert ignore into reviews (id, date, id_customer, id_restaurant, score_service, score_food, score_environment) values (789, '2017-12-06 10:53:01', 280, 20, 21, 26, 22);
insert ignore into reviews (id, date, id_customer, id_restaurant, score_service, score_food, score_environment) values (790, '2017-06-28 23:27:34', 367, 43, 1, 25, 10);
insert ignore into reviews (id, date, id_customer, id_restaurant, score_service, score_food, score_environment) values (791, '2017-02-22 08:20:02', 115, 20, 11, 1, 14);
insert ignore into reviews (id, date, id_customer, id_restaurant, score_service, score_food, score_environment) values (792, '2017-01-03 15:52:31', 356, 35, 8, 8, 12);
insert ignore into reviews (id, date, id_customer, id_restaurant, score_service, score_food, score_environment) values (793, '2016-12-25 13:46:54', 37, 31, 21, 19, 17);
insert ignore into reviews (id, date, id_customer, id_restaurant, score_service, score_food, score_environment) values (794, '2017-04-18 15:19:42', 487, 33, 2, 22, 17);
insert ignore into reviews (id, date, id_customer, id_restaurant, score_service, score_food, score_environment) values (795, '2017-07-18 10:27:44', 351, 33, 26, 18, 19);
insert ignore into reviews (id, date, id_customer, id_restaurant, score_service, score_food, score_environment) values (796, '2017-05-29 16:47:35', 318, 5, 19, 29, 27);
insert ignore into reviews (id, date, id_customer, id_restaurant, score_service, score_food, score_environment) values (797, '2016-12-16 21:34:00', 137, 15, 8, 17, 22);
insert ignore into reviews (id, date, id_customer, id_restaurant, score_service, score_food, score_environment) values (798, '2017-10-15 16:18:59', 218, 9, 14, 14, 25);
insert ignore into reviews (id, date, id_customer, id_restaurant, score_service, score_food, score_environment) values (799, '2017-08-01 23:46:56', 444, 10, 10, 6, 11);
insert ignore into reviews (id, date, id_customer, id_restaurant, score_service, score_food, score_environment) values (800, '2017-04-12 12:29:03', 57, 32, 9, 9, 15);
insert ignore into reviews (id, date, id_customer, id_restaurant, score_service, score_food, score_environment) values (801, '2017-08-22 10:28:25', 232, 25, 4, 4, 4);
insert ignore into reviews (id, date, id_customer, id_restaurant, score_service, score_food, score_environment) values (802, '2017-10-18 15:28:57', 178, 47, 14, 11, 12);
insert ignore into reviews (id, date, id_customer, id_restaurant, score_service, score_food, score_environment) values (803, '2017-06-29 02:42:35', 8, 44, 23, 2, 17);
insert ignore into reviews (id, date, id_customer, id_restaurant, score_service, score_food, score_environment) values (804, '2017-02-03 03:47:53', 218, 22, 23, 2, 12);
insert ignore into reviews (id, date, id_customer, id_restaurant, score_service, score_food, score_environment) values (805, '2017-04-27 13:19:24', 498, 38, 20, 23, 19);
insert ignore into reviews (id, date, id_customer, id_restaurant, score_service, score_food, score_environment) values (806, '2017-05-29 23:55:46', 266, 2, 13, 28, 29);
insert ignore into reviews (id, date, id_customer, id_restaurant, score_service, score_food, score_environment) values (807, '2017-11-14 10:53:59', 234, 30, 25, 6, 7);
insert ignore into reviews (id, date, id_customer, id_restaurant, score_service, score_food, score_environment) values (808, '2016-12-17 22:47:24', 188, 29, 26, 14, 10);
insert ignore into reviews (id, date, id_customer, id_restaurant, score_service, score_food, score_environment) values (809, '2017-07-23 11:35:10', 479, 30, 29, 24, 18);
insert ignore into reviews (id, date, id_customer, id_restaurant, score_service, score_food, score_environment) values (810, '2017-01-23 07:10:38', 308, 50, 19, 7, 23);
insert ignore into reviews (id, date, id_customer, id_restaurant, score_service, score_food, score_environment) values (811, '2017-11-04 01:15:38', 49, 44, 25, 26, 9);
insert ignore into reviews (id, date, id_customer, id_restaurant, score_service, score_food, score_environment) values (812, '2017-03-30 04:41:15', 361, 16, 8, 9, 3);
insert ignore into reviews (id, date, id_customer, id_restaurant, score_service, score_food, score_environment) values (813, '2017-09-02 03:28:34', 364, 21, 9, 7, 4);
insert ignore into reviews (id, date, id_customer, id_restaurant, score_service, score_food, score_environment) values (814, '2017-07-12 06:10:49', 308, 8, 27, 26, 1);
insert ignore into reviews (id, date, id_customer, id_restaurant, score_service, score_food, score_environment) values (815, '2017-01-11 17:21:54', 500, 10, 5, 25, 19);
insert ignore into reviews (id, date, id_customer, id_restaurant, score_service, score_food, score_environment) values (816, '2017-04-28 15:43:26', 472, 50, 24, 20, 24);
insert ignore into reviews (id, date, id_customer, id_restaurant, score_service, score_food, score_environment) values (817, '2017-04-04 13:03:43', 213, 8, 22, 23, 2);
insert ignore into reviews (id, date, id_customer, id_restaurant, score_service, score_food, score_environment) values (818, '2017-02-27 17:49:27', 247, 44, 4, 4, 1);
insert ignore into reviews (id, date, id_customer, id_restaurant, score_service, score_food, score_environment) values (819, '2017-06-07 00:44:21', 250, 45, 14, 19, 16);
insert ignore into reviews (id, date, id_customer, id_restaurant, score_service, score_food, score_environment) values (820, '2017-04-30 18:32:25', 361, 18, 25, 9, 13);
insert ignore into reviews (id, date, id_customer, id_restaurant, score_service, score_food, score_environment) values (821, '2017-05-08 11:30:40', 112, 28, 15, 8, 16);
insert ignore into reviews (id, date, id_customer, id_restaurant, score_service, score_food, score_environment) values (822, '2017-01-03 07:39:25', 441, 25, 21, 29, 22);
insert ignore into reviews (id, date, id_customer, id_restaurant, score_service, score_food, score_environment) values (823, '2017-09-01 18:38:57', 441, 32, 12, 1, 7);
insert ignore into reviews (id, date, id_customer, id_restaurant, score_service, score_food, score_environment) values (824, '2017-12-09 12:13:09', 178, 33, 7, 25, 5);
insert ignore into reviews (id, date, id_customer, id_restaurant, score_service, score_food, score_environment) values (825, '2017-11-14 18:45:53', 130, 38, 1, 22, 7);
insert ignore into reviews (id, date, id_customer, id_restaurant, score_service, score_food, score_environment) values (826, '2017-12-12 19:05:12', 148, 5, 29, 14, 3);
insert ignore into reviews (id, date, id_customer, id_restaurant, score_service, score_food, score_environment) values (827, '2017-03-27 08:58:26', 213, 22, 8, 12, 16);
insert ignore into reviews (id, date, id_customer, id_restaurant, score_service, score_food, score_environment) values (828, '2017-05-12 17:47:00', 344, 32, 18, 7, 17);
insert ignore into reviews (id, date, id_customer, id_restaurant, score_service, score_food, score_environment) values (829, '2017-06-19 04:42:56', 250, 41, 11, 16, 29);
insert ignore into reviews (id, date, id_customer, id_restaurant, score_service, score_food, score_environment) values (830, '2017-03-05 12:59:44', 359, 27, 28, 18, 24);
insert ignore into reviews (id, date, id_customer, id_restaurant, score_service, score_food, score_environment) values (831, '2017-01-11 12:06:08', 439, 41, 16, 29, 18);
insert ignore into reviews (id, date, id_customer, id_restaurant, score_service, score_food, score_environment) values (832, '2017-12-21 19:50:45', 267, 4, 26, 7, 2);
insert ignore into reviews (id, date, id_customer, id_restaurant, score_service, score_food, score_environment) values (833, '2016-12-24 19:10:47', 96, 45, 2, 23, 17);
insert ignore into reviews (id, date, id_customer, id_restaurant, score_service, score_food, score_environment) values (834, '2017-02-14 15:58:47', 247, 44, 27, 23, 15);
insert ignore into reviews (id, date, id_customer, id_restaurant, score_service, score_food, score_environment) values (835, '2017-12-28 19:05:41', 230, 24, 22, 25, 9);
insert ignore into reviews (id, date, id_customer, id_restaurant, score_service, score_food, score_environment) values (836, '2017-11-24 21:29:49', 322, 42, 9, 30, 25);
insert ignore into reviews (id, date, id_customer, id_restaurant, score_service, score_food, score_environment) values (837, '2017-05-12 16:18:01', 73, 7, 23, 1, 26);
insert ignore into reviews (id, date, id_customer, id_restaurant, score_service, score_food, score_environment) values (838, '2017-12-17 17:46:27', 311, 1, 2, 3, 17);
insert ignore into reviews (id, date, id_customer, id_restaurant, score_service, score_food, score_environment) values (839, '2017-05-30 04:02:48', 318, 4, 30, 1, 1);
insert ignore into reviews (id, date, id_customer, id_restaurant, score_service, score_food, score_environment) values (840, '2017-06-28 16:08:08', 425, 43, 14, 6, 1);
insert ignore into reviews (id, date, id_customer, id_restaurant, score_service, score_food, score_environment) values (841, '2017-09-13 16:59:19', 273, 18, 18, 16, 21);
insert ignore into reviews (id, date, id_customer, id_restaurant, score_service, score_food, score_environment) values (842, '2017-09-01 16:30:44', 311, 28, 6, 17, 9);
insert ignore into reviews (id, date, id_customer, id_restaurant, score_service, score_food, score_environment) values (843, '2017-10-22 09:51:45', 84, 50, 4, 18, 26);
insert ignore into reviews (id, date, id_customer, id_restaurant, score_service, score_food, score_environment) values (844, '2017-02-16 07:17:51', 200, 27, 9, 19, 24);
insert ignore into reviews (id, date, id_customer, id_restaurant, score_service, score_food, score_environment) values (845, '2017-02-21 04:55:40', 384, 45, 24, 10, 17);
insert ignore into reviews (id, date, id_customer, id_restaurant, score_service, score_food, score_environment) values (846, '2017-10-06 11:56:25', 459, 38, 2, 28, 10);
insert ignore into reviews (id, date, id_customer, id_restaurant, score_service, score_food, score_environment) values (847, '2017-01-08 12:55:39', 423, 17, 19, 17, 3);
insert ignore into reviews (id, date, id_customer, id_restaurant, score_service, score_food, score_environment) values (848, '2017-06-20 08:04:03', 218, 13, 12, 22, 28);
insert ignore into reviews (id, date, id_customer, id_restaurant, score_service, score_food, score_environment) values (849, '2017-05-17 11:49:55', 343, 5, 2, 8, 9);
insert ignore into reviews (id, date, id_customer, id_restaurant, score_service, score_food, score_environment) values (850, '2017-08-10 20:28:16', 324, 3, 4, 20, 24);
insert ignore into reviews (id, date, id_customer, id_restaurant, score_service, score_food, score_environment) values (851, '2017-10-28 14:00:20', 232, 45, 3, 11, 14);
insert ignore into reviews (id, date, id_customer, id_restaurant, score_service, score_food, score_environment) values (852, '2016-12-10 07:03:03', 43, 44, 16, 3, 17);
insert ignore into reviews (id, date, id_customer, id_restaurant, score_service, score_food, score_environment) values (853, '2017-02-27 11:39:38', 203, 16, 18, 19, 17);
insert ignore into reviews (id, date, id_customer, id_restaurant, score_service, score_food, score_environment) values (854, '2017-10-26 00:20:40', 1, 45, 3, 7, 9);
insert ignore into reviews (id, date, id_customer, id_restaurant, score_service, score_food, score_environment) values (855, '2016-12-18 15:46:19', 12, 15, 14, 9, 23);
insert ignore into reviews (id, date, id_customer, id_restaurant, score_service, score_food, score_environment) values (856, '2017-04-27 18:46:32', 2, 18, 4, 24, 14);
insert ignore into reviews (id, date, id_customer, id_restaurant, score_service, score_food, score_environment) values (857, '2017-10-22 03:58:38', 81, 29, 22, 9, 24);
insert ignore into reviews (id, date, id_customer, id_restaurant, score_service, score_food, score_environment) values (858, '2017-10-21 17:24:47', 497, 23, 10, 5, 1);
insert ignore into reviews (id, date, id_customer, id_restaurant, score_service, score_food, score_environment) values (859, '2017-12-24 19:47:12', 440, 8, 6, 9, 5);
insert ignore into reviews (id, date, id_customer, id_restaurant, score_service, score_food, score_environment) values (860, '2017-06-03 11:48:46', 291, 36, 2, 15, 10);
insert ignore into reviews (id, date, id_customer, id_restaurant, score_service, score_food, score_environment) values (861, '2017-08-24 00:17:45', 190, 40, 16, 7, 13);
insert ignore into reviews (id, date, id_customer, id_restaurant, score_service, score_food, score_environment) values (862, '2017-09-02 08:28:02', 132, 27, 2, 9, 23);
insert ignore into reviews (id, date, id_customer, id_restaurant, score_service, score_food, score_environment) values (863, '2017-04-12 06:24:56', 336, 40, 16, 3, 26);
insert ignore into reviews (id, date, id_customer, id_restaurant, score_service, score_food, score_environment) values (864, '2017-11-14 10:23:56', 180, 10, 18, 17, 24);
insert ignore into reviews (id, date, id_customer, id_restaurant, score_service, score_food, score_environment) values (865, '2017-08-22 19:40:54', 329, 17, 22, 18, 21);
insert ignore into reviews (id, date, id_customer, id_restaurant, score_service, score_food, score_environment) values (866, '2017-03-25 01:11:15', 251, 14, 10, 6, 12);
insert ignore into reviews (id, date, id_customer, id_restaurant, score_service, score_food, score_environment) values (867, '2017-04-27 23:16:07', 117, 46, 30, 30, 12);
insert ignore into reviews (id, date, id_customer, id_restaurant, score_service, score_food, score_environment) values (868, '2017-06-08 02:05:25', 81, 43, 8, 21, 18);
insert ignore into reviews (id, date, id_customer, id_restaurant, score_service, score_food, score_environment) values (869, '2017-09-09 05:56:22', 389, 30, 30, 5, 10);
insert ignore into reviews (id, date, id_customer, id_restaurant, score_service, score_food, score_environment) values (870, '2017-06-11 08:40:31', 440, 29, 12, 10, 6);
insert ignore into reviews (id, date, id_customer, id_restaurant, score_service, score_food, score_environment) values (871, '2017-09-07 03:32:22', 222, 26, 8, 30, 1);
insert ignore into reviews (id, date, id_customer, id_restaurant, score_service, score_food, score_environment) values (872, '2017-12-28 21:55:06', 128, 28, 1, 30, 24);
insert ignore into reviews (id, date, id_customer, id_restaurant, score_service, score_food, score_environment) values (873, '2017-12-20 00:13:43', 440, 44, 18, 4, 13);
insert ignore into reviews (id, date, id_customer, id_restaurant, score_service, score_food, score_environment) values (874, '2017-01-16 17:43:29', 284, 19, 29, 25, 3);
insert ignore into reviews (id, date, id_customer, id_restaurant, score_service, score_food, score_environment) values (875, '2017-04-12 19:56:46', 241, 27, 8, 18, 15);
insert ignore into reviews (id, date, id_customer, id_restaurant, score_service, score_food, score_environment) values (876, '2017-03-13 15:37:50', 472, 29, 29, 26, 12);
insert ignore into reviews (id, date, id_customer, id_restaurant, score_service, score_food, score_environment) values (877, '2017-05-13 12:19:44', 152, 12, 17, 2, 21);
insert ignore into reviews (id, date, id_customer, id_restaurant, score_service, score_food, score_environment) values (878, '2016-12-12 11:36:12', 437, 9, 28, 22, 2);
insert ignore into reviews (id, date, id_customer, id_restaurant, score_service, score_food, score_environment) values (879, '2017-07-10 16:50:57', 94, 43, 15, 2, 23);
insert ignore into reviews (id, date, id_customer, id_restaurant, score_service, score_food, score_environment) values (880, '2017-11-06 15:02:58', 303, 35, 29, 20, 18);
insert ignore into reviews (id, date, id_customer, id_restaurant, score_service, score_food, score_environment) values (881, '2017-05-29 00:54:52', 124, 5, 19, 9, 9);
insert ignore into reviews (id, date, id_customer, id_restaurant, score_service, score_food, score_environment) values (882, '2017-06-11 13:00:08', 254, 35, 4, 29, 3);
insert ignore into reviews (id, date, id_customer, id_restaurant, score_service, score_food, score_environment) values (883, '2018-01-04 09:34:56', 408, 15, 9, 21, 13);
insert ignore into reviews (id, date, id_customer, id_restaurant, score_service, score_food, score_environment) values (884, '2017-04-11 08:22:37', 449, 18, 6, 29, 4);
insert ignore into reviews (id, date, id_customer, id_restaurant, score_service, score_food, score_environment) values (885, '2017-11-23 15:26:40', 83, 16, 25, 26, 15);
insert ignore into reviews (id, date, id_customer, id_restaurant, score_service, score_food, score_environment) values (886, '2017-06-03 02:21:20', 183, 38, 28, 18, 4);
insert ignore into reviews (id, date, id_customer, id_restaurant, score_service, score_food, score_environment) values (887, '2017-01-05 07:48:28', 396, 42, 16, 24, 14);
insert ignore into reviews (id, date, id_customer, id_restaurant, score_service, score_food, score_environment) values (888, '2017-11-24 06:55:57', 223, 23, 22, 17, 21);
insert ignore into reviews (id, date, id_customer, id_restaurant, score_service, score_food, score_environment) values (889, '2017-08-04 06:57:33', 495, 31, 10, 15, 5);
insert ignore into reviews (id, date, id_customer, id_restaurant, score_service, score_food, score_environment) values (890, '2017-07-12 15:30:25', 227, 8, 27, 16, 15);
insert ignore into reviews (id, date, id_customer, id_restaurant, score_service, score_food, score_environment) values (891, '2017-04-29 16:52:57', 421, 25, 24, 30, 20);
insert ignore into reviews (id, date, id_customer, id_restaurant, score_service, score_food, score_environment) values (892, '2016-12-09 18:56:11', 469, 38, 11, 19, 30);
insert ignore into reviews (id, date, id_customer, id_restaurant, score_service, score_food, score_environment) values (893, '2017-09-12 22:10:31', 446, 43, 11, 10, 23);
insert ignore into reviews (id, date, id_customer, id_restaurant, score_service, score_food, score_environment) values (894, '2017-04-04 14:56:26', 193, 44, 16, 18, 15);
insert ignore into reviews (id, date, id_customer, id_restaurant, score_service, score_food, score_environment) values (895, '2017-07-12 12:47:28', 247, 20, 21, 18, 7);
insert ignore into reviews (id, date, id_customer, id_restaurant, score_service, score_food, score_environment) values (896, '2018-01-05 13:54:43', 268, 35, 3, 8, 15);
insert ignore into reviews (id, date, id_customer, id_restaurant, score_service, score_food, score_environment) values (897, '2017-08-29 01:23:23', 329, 19, 29, 30, 6);
insert ignore into reviews (id, date, id_customer, id_restaurant, score_service, score_food, score_environment) values (898, '2017-06-28 22:48:20', 405, 49, 6, 3, 23);
insert ignore into reviews (id, date, id_customer, id_restaurant, score_service, score_food, score_environment) values (899, '2017-04-23 15:12:12', 486, 12, 29, 13, 28);
insert ignore into reviews (id, date, id_customer, id_restaurant, score_service, score_food, score_environment) values (900, '2017-08-05 06:43:09', 299, 8, 8, 5, 22);
insert ignore into reviews (id, date, id_customer, id_restaurant, score_service, score_food, score_environment) values (901, '2016-12-19 01:05:07', 328, 40, 27, 1, 26);
insert ignore into reviews (id, date, id_customer, id_restaurant, score_service, score_food, score_environment) values (902, '2017-09-15 18:51:14', 369, 9, 21, 13, 1);
insert ignore into reviews (id, date, id_customer, id_restaurant, score_service, score_food, score_environment) values (903, '2017-11-23 01:33:18', 145, 43, 9, 24, 15);
insert ignore into reviews (id, date, id_customer, id_restaurant, score_service, score_food, score_environment) values (904, '2017-06-27 11:48:15', 407, 34, 21, 28, 28);
insert ignore into reviews (id, date, id_customer, id_restaurant, score_service, score_food, score_environment) values (905, '2017-09-21 01:54:24', 60, 18, 28, 22, 15);
insert ignore into reviews (id, date, id_customer, id_restaurant, score_service, score_food, score_environment) values (906, '2017-12-01 17:40:23', 38, 11, 21, 19, 14);
insert ignore into reviews (id, date, id_customer, id_restaurant, score_service, score_food, score_environment) values (907, '2017-03-18 22:33:41', 343, 23, 10, 13, 10);
insert ignore into reviews (id, date, id_customer, id_restaurant, score_service, score_food, score_environment) values (908, '2017-08-27 00:15:25', 196, 8, 20, 25, 24);
insert ignore into reviews (id, date, id_customer, id_restaurant, score_service, score_food, score_environment) values (909, '2017-04-04 14:11:15', 453, 14, 12, 8, 16);
insert ignore into reviews (id, date, id_customer, id_restaurant, score_service, score_food, score_environment) values (910, '2017-11-16 08:41:58', 328, 30, 3, 2, 12);
insert ignore into reviews (id, date, id_customer, id_restaurant, score_service, score_food, score_environment) values (911, '2017-07-16 22:09:37', 168, 9, 9, 21, 27);
insert ignore into reviews (id, date, id_customer, id_restaurant, score_service, score_food, score_environment) values (912, '2017-10-13 19:51:42', 70, 12, 7, 17, 20);
insert ignore into reviews (id, date, id_customer, id_restaurant, score_service, score_food, score_environment) values (913, '2017-03-04 07:12:37', 271, 46, 10, 21, 14);
insert ignore into reviews (id, date, id_customer, id_restaurant, score_service, score_food, score_environment) values (914, '2017-05-12 01:48:31', 122, 45, 14, 13, 29);
insert ignore into reviews (id, date, id_customer, id_restaurant, score_service, score_food, score_environment) values (915, '2017-11-07 01:34:37', 255, 39, 24, 25, 25);
insert ignore into reviews (id, date, id_customer, id_restaurant, score_service, score_food, score_environment) values (916, '2017-08-02 07:43:50', 15, 5, 5, 26, 27);
insert ignore into reviews (id, date, id_customer, id_restaurant, score_service, score_food, score_environment) values (917, '2016-12-16 17:29:42', 440, 24, 30, 5, 26);
insert ignore into reviews (id, date, id_customer, id_restaurant, score_service, score_food, score_environment) values (918, '2017-12-19 22:05:55', 226, 21, 8, 20, 17);
insert ignore into reviews (id, date, id_customer, id_restaurant, score_service, score_food, score_environment) values (919, '2017-01-15 08:41:02', 359, 22, 18, 7, 21);
insert ignore into reviews (id, date, id_customer, id_restaurant, score_service, score_food, score_environment) values (920, '2017-04-06 00:17:43', 379, 17, 11, 6, 22);
insert ignore into reviews (id, date, id_customer, id_restaurant, score_service, score_food, score_environment) values (921, '2017-10-05 16:05:24', 304, 27, 16, 8, 20);
insert ignore into reviews (id, date, id_customer, id_restaurant, score_service, score_food, score_environment) values (922, '2016-12-27 12:37:15', 399, 40, 23, 30, 3);
insert ignore into reviews (id, date, id_customer, id_restaurant, score_service, score_food, score_environment) values (923, '2017-06-08 14:41:16', 160, 46, 23, 22, 27);
insert ignore into reviews (id, date, id_customer, id_restaurant, score_service, score_food, score_environment) values (924, '2017-02-15 05:30:47', 190, 31, 7, 21, 30);
insert ignore into reviews (id, date, id_customer, id_restaurant, score_service, score_food, score_environment) values (925, '2017-06-16 06:00:49', 442, 18, 7, 15, 30);
insert ignore into reviews (id, date, id_customer, id_restaurant, score_service, score_food, score_environment) values (926, '2017-05-16 15:22:21', 146, 22, 1, 5, 15);
insert ignore into reviews (id, date, id_customer, id_restaurant, score_service, score_food, score_environment) values (927, '2017-01-10 21:03:04', 90, 33, 6, 25, 29);
insert ignore into reviews (id, date, id_customer, id_restaurant, score_service, score_food, score_environment) values (928, '2017-03-06 14:39:34', 177, 38, 29, 26, 22);
insert ignore into reviews (id, date, id_customer, id_restaurant, score_service, score_food, score_environment) values (929, '2017-04-17 02:06:38', 342, 12, 18, 9, 6);
insert ignore into reviews (id, date, id_customer, id_restaurant, score_service, score_food, score_environment) values (930, '2017-07-26 22:29:46', 241, 19, 18, 16, 28);
insert ignore into reviews (id, date, id_customer, id_restaurant, score_service, score_food, score_environment) values (931, '2017-07-23 10:16:36', 435, 28, 9, 26, 17);
insert ignore into reviews (id, date, id_customer, id_restaurant, score_service, score_food, score_environment) values (932, '2017-08-01 23:35:21', 307, 42, 17, 29, 24);
insert ignore into reviews (id, date, id_customer, id_restaurant, score_service, score_food, score_environment) values (933, '2017-02-10 00:16:39', 309, 26, 3, 19, 19);
insert ignore into reviews (id, date, id_customer, id_restaurant, score_service, score_food, score_environment) values (934, '2017-12-15 01:01:45', 356, 14, 26, 27, 5);
insert ignore into reviews (id, date, id_customer, id_restaurant, score_service, score_food, score_environment) values (935, '2017-11-16 10:22:19', 371, 27, 30, 7, 9);
insert ignore into reviews (id, date, id_customer, id_restaurant, score_service, score_food, score_environment) values (936, '2017-07-26 05:10:09', 287, 28, 20, 30, 30);
insert ignore into reviews (id, date, id_customer, id_restaurant, score_service, score_food, score_environment) values (937, '2017-05-22 02:09:58', 335, 37, 8, 7, 26);
insert ignore into reviews (id, date, id_customer, id_restaurant, score_service, score_food, score_environment) values (938, '2017-06-09 20:09:50', 417, 6, 23, 8, 25);
insert ignore into reviews (id, date, id_customer, id_restaurant, score_service, score_food, score_environment) values (939, '2017-07-06 16:39:15', 468, 8, 6, 28, 24);
insert ignore into reviews (id, date, id_customer, id_restaurant, score_service, score_food, score_environment) values (940, '2017-01-12 15:46:29', 381, 24, 27, 6, 10);
insert ignore into reviews (id, date, id_customer, id_restaurant, score_service, score_food, score_environment) values (941, '2017-07-22 19:57:49', 444, 41, 8, 7, 19);
insert ignore into reviews (id, date, id_customer, id_restaurant, score_service, score_food, score_environment) values (942, '2017-06-04 21:05:30', 469, 16, 15, 16, 1);
insert ignore into reviews (id, date, id_customer, id_restaurant, score_service, score_food, score_environment) values (943, '2017-10-07 13:10:50', 442, 27, 20, 5, 17);
insert ignore into reviews (id, date, id_customer, id_restaurant, score_service, score_food, score_environment) values (944, '2017-05-27 04:22:06', 206, 47, 4, 27, 2);
insert ignore into reviews (id, date, id_customer, id_restaurant, score_service, score_food, score_environment) values (945, '2017-09-18 11:37:18', 395, 38, 6, 21, 13);
insert ignore into reviews (id, date, id_customer, id_restaurant, score_service, score_food, score_environment) values (946, '2017-01-16 02:52:25', 331, 37, 30, 4, 4);
insert ignore into reviews (id, date, id_customer, id_restaurant, score_service, score_food, score_environment) values (947, '2017-08-17 03:42:40', 288, 36, 1, 7, 18);
insert ignore into reviews (id, date, id_customer, id_restaurant, score_service, score_food, score_environment) values (948, '2017-11-13 17:51:11', 8, 45, 6, 28, 17);
insert ignore into reviews (id, date, id_customer, id_restaurant, score_service, score_food, score_environment) values (949, '2017-03-18 14:48:10', 63, 36, 14, 10, 29);
insert ignore into reviews (id, date, id_customer, id_restaurant, score_service, score_food, score_environment) values (950, '2017-12-30 02:43:36', 315, 11, 6, 20, 5);
insert ignore into reviews (id, date, id_customer, id_restaurant, score_service, score_food, score_environment) values (951, '2017-04-02 07:30:30', 89, 43, 15, 25, 22);
insert ignore into reviews (id, date, id_customer, id_restaurant, score_service, score_food, score_environment) values (952, '2017-01-12 01:00:49', 379, 7, 16, 14, 17);
insert ignore into reviews (id, date, id_customer, id_restaurant, score_service, score_food, score_environment) values (953, '2017-12-24 18:25:08', 345, 10, 17, 9, 13);
insert ignore into reviews (id, date, id_customer, id_restaurant, score_service, score_food, score_environment) values (954, '2017-01-16 22:38:46', 353, 43, 29, 20, 17);
insert ignore into reviews (id, date, id_customer, id_restaurant, score_service, score_food, score_environment) values (955, '2017-08-14 05:38:13', 132, 40, 27, 24, 18);
insert ignore into reviews (id, date, id_customer, id_restaurant, score_service, score_food, score_environment) values (956, '2017-01-17 07:43:52', 357, 21, 2, 25, 27);
insert ignore into reviews (id, date, id_customer, id_restaurant, score_service, score_food, score_environment) values (957, '2017-11-01 15:00:45', 310, 14, 8, 21, 3);
insert ignore into reviews (id, date, id_customer, id_restaurant, score_service, score_food, score_environment) values (958, '2017-01-26 10:33:56', 285, 37, 28, 26, 3);
insert ignore into reviews (id, date, id_customer, id_restaurant, score_service, score_food, score_environment) values (959, '2016-12-20 01:48:29', 471, 37, 8, 22, 29);
insert ignore into reviews (id, date, id_customer, id_restaurant, score_service, score_food, score_environment) values (960, '2017-09-07 14:24:47', 480, 37, 14, 29, 8);
insert ignore into reviews (id, date, id_customer, id_restaurant, score_service, score_food, score_environment) values (961, '2017-10-16 02:10:37', 63, 26, 29, 11, 6);
insert ignore into reviews (id, date, id_customer, id_restaurant, score_service, score_food, score_environment) values (962, '2017-10-21 01:49:53', 76, 25, 10, 4, 23);
insert ignore into reviews (id, date, id_customer, id_restaurant, score_service, score_food, score_environment) values (963, '2017-08-12 21:35:03', 464, 33, 25, 11, 14);
insert ignore into reviews (id, date, id_customer, id_restaurant, score_service, score_food, score_environment) values (964, '2017-02-23 11:05:46', 276, 41, 16, 23, 28);
insert ignore into reviews (id, date, id_customer, id_restaurant, score_service, score_food, score_environment) values (965, '2017-09-08 13:22:13', 439, 11, 24, 7, 5);
insert ignore into reviews (id, date, id_customer, id_restaurant, score_service, score_food, score_environment) values (966, '2017-09-25 23:58:17', 254, 38, 11, 15, 8);
insert ignore into reviews (id, date, id_customer, id_restaurant, score_service, score_food, score_environment) values (967, '2017-10-18 18:05:31', 393, 23, 16, 14, 30);
insert ignore into reviews (id, date, id_customer, id_restaurant, score_service, score_food, score_environment) values (968, '2017-12-21 16:42:54', 387, 40, 2, 18, 3);
insert ignore into reviews (id, date, id_customer, id_restaurant, score_service, score_food, score_environment) values (969, '2017-04-05 18:36:24', 279, 24, 23, 28, 16);
insert ignore into reviews (id, date, id_customer, id_restaurant, score_service, score_food, score_environment) values (970, '2017-08-02 00:37:42', 364, 50, 24, 18, 15);
insert ignore into reviews (id, date, id_customer, id_restaurant, score_service, score_food, score_environment) values (971, '2017-08-11 14:17:36', 439, 4, 6, 3, 24);
insert ignore into reviews (id, date, id_customer, id_restaurant, score_service, score_food, score_environment) values (972, '2017-07-18 12:14:52', 350, 44, 19, 28, 1);
insert ignore into reviews (id, date, id_customer, id_restaurant, score_service, score_food, score_environment) values (973, '2017-02-06 11:44:06', 317, 34, 25, 27, 25);
insert ignore into reviews (id, date, id_customer, id_restaurant, score_service, score_food, score_environment) values (974, '2016-12-25 11:19:56', 306, 22, 29, 27, 24);
insert ignore into reviews (id, date, id_customer, id_restaurant, score_service, score_food, score_environment) values (975, '2017-12-06 12:17:27', 259, 45, 25, 23, 18);
insert ignore into reviews (id, date, id_customer, id_restaurant, score_service, score_food, score_environment) values (976, '2017-03-06 19:57:16', 30, 15, 6, 26, 5);
insert ignore into reviews (id, date, id_customer, id_restaurant, score_service, score_food, score_environment) values (977, '2017-11-03 19:07:17', 450, 20, 23, 24, 21);
insert ignore into reviews (id, date, id_customer, id_restaurant, score_service, score_food, score_environment) values (978, '2017-01-03 13:34:25', 305, 10, 30, 27, 17);
insert ignore into reviews (id, date, id_customer, id_restaurant, score_service, score_food, score_environment) values (979, '2017-10-04 09:12:58', 101, 10, 12, 19, 30);
insert ignore into reviews (id, date, id_customer, id_restaurant, score_service, score_food, score_environment) values (980, '2017-10-21 09:22:26', 93, 48, 10, 16, 28);
insert ignore into reviews (id, date, id_customer, id_restaurant, score_service, score_food, score_environment) values (981, '2017-12-11 19:41:32', 101, 22, 26, 10, 1);
insert ignore into reviews (id, date, id_customer, id_restaurant, score_service, score_food, score_environment) values (982, '2017-12-06 07:11:39', 195, 19, 12, 20, 5);
insert ignore into reviews (id, date, id_customer, id_restaurant, score_service, score_food, score_environment) values (983, '2017-10-31 10:11:17', 148, 15, 22, 23, 30);
insert ignore into reviews (id, date, id_customer, id_restaurant, score_service, score_food, score_environment) values (984, '2016-12-08 08:03:20', 302, 14, 2, 27, 10);
insert ignore into reviews (id, date, id_customer, id_restaurant, score_service, score_food, score_environment) values (985, '2017-03-07 20:09:55', 144, 32, 18, 9, 13);
insert ignore into reviews (id, date, id_customer, id_restaurant, score_service, score_food, score_environment) values (986, '2017-06-05 13:30:20', 239, 12, 28, 16, 25);
insert ignore into reviews (id, date, id_customer, id_restaurant, score_service, score_food, score_environment) values (987, '2017-12-24 02:16:51', 40, 16, 3, 26, 18);
insert ignore into reviews (id, date, id_customer, id_restaurant, score_service, score_food, score_environment) values (988, '2017-01-30 19:26:42', 414, 15, 24, 28, 1);
insert ignore into reviews (id, date, id_customer, id_restaurant, score_service, score_food, score_environment) values (989, '2017-10-03 07:36:19', 104, 47, 24, 5, 2);
insert ignore into reviews (id, date, id_customer, id_restaurant, score_service, score_food, score_environment) values (990, '2017-10-25 12:29:45', 272, 12, 27, 3, 11);
insert ignore into reviews (id, date, id_customer, id_restaurant, score_service, score_food, score_environment) values (991, '2017-11-18 20:37:40', 466, 44, 24, 8, 17);
insert ignore into reviews (id, date, id_customer, id_restaurant, score_service, score_food, score_environment) values (992, '2017-11-27 18:44:03', 291, 14, 28, 17, 3);
insert ignore into reviews (id, date, id_customer, id_restaurant, score_service, score_food, score_environment) values (993, '2017-11-18 05:01:39', 124, 13, 19, 14, 23);
insert ignore into reviews (id, date, id_customer, id_restaurant, score_service, score_food, score_environment) values (994, '2017-01-06 22:53:11', 368, 31, 10, 2, 6);
insert ignore into reviews (id, date, id_customer, id_restaurant, score_service, score_food, score_environment) values (995, '2017-10-01 19:32:37', 219, 18, 26, 22, 29);
insert ignore into reviews (id, date, id_customer, id_restaurant, score_service, score_food, score_environment) values (996, '2017-07-18 19:48:22', 123, 20, 24, 29, 17);
insert ignore into reviews (id, date, id_customer, id_restaurant, score_service, score_food, score_environment) values (997, '2017-06-12 23:50:50', 234, 31, 3, 12, 10);
insert ignore into reviews (id, date, id_customer, id_restaurant, score_service, score_food, score_environment) values (998, '2017-08-22 03:33:35', 364, 23, 18, 18, 5);
insert ignore into reviews (id, date, id_customer, id_restaurant, score_service, score_food, score_environment) values (999, '2017-07-29 09:20:33', 284, 30, 7, 17, 6);
insert ignore into reviews (id, date, id_customer, id_restaurant, score_service, score_food, score_environment) values (1000, '2018-01-04 22:52:17', 197, 45, 14, 23, 2);
